latitude,longitude,reported_casualties_min,reported_casualties_max,casualties_avg,oil_infrastructure_hit,month,day,actor_attacker,actor_target,event_type,casualty_confidence,target_description,oil_supply_risk_enc
19.2732,71.459,48.0,49.0,48.5,1,5,14,19,8,0,1,0,3
25.7741,49.6525,0.0,49.0,24.5,1,8,2,12,13,3,0,4,3
18.8147,73.1485,49.0,75.0,62.0,0,5,2,8,1,0,2,1,1
31.9598,19.6469,3.0,10.0,6.5,1,7,31,16,15,0,2,11,2
8.5342,-63.3409,27.0,49.0,38.0,0,5,13,2,9,1,2,10,1
50.304,30.8402,47.0,52.0,49.5,0,4,16,4,10,1,2,10,1
22.9505,70.3368,9.0,38.0,23.5,0,7,15,2,4,7,0,2,1
25.1974,47.0483,14.0,0.0,7.0,1,8,3,2,16,5,0,3,2
30.6104,48.1201,24.0,47.0,35.5,1,5,20,1,11,7,1,6,2
10.636,-71.5669,38.0,56.0,47.0,1,5,18,0,6,1,2,3,3
32.5301,20.405,25.0,25.0,25.0,1,4,3,12,3,7,2,7,3
8.6158,111.8514,29.0,51.0,40.0,1,5,19,16,17,7,1,0,3
48.2704,35.5759,16.0,45.0,30.5,1,4,29,2,16,1,0,7,2
22.5489,73.3112,0.0,70.0,35.0,1,7,2,13,0,6,0,9,3
22.1214,69.6208,30.0,56.0,43.0,1,7,1,7,8,4,2,5,3
24.6518,46.9575,22.0,33.0,27.5,1,5,29,8,4,1,0,3,2
11.1087,-71.6182,1.0,8.0,4.5,0,5,13,10,10,7,2,8,1
10.3595,76.4801,31.0,57.0,44.0,1,6,29,0,3,0,2,9,3
26.5511,56.06,5.0,10.0,7.5,0,5,15,5,5,3,2,8,0
50.5927,30.8322,22.0,39.0,30.5,1,5,30,9,17,5,1,9,3
10.1884,76.5766,15.0,36.0,25.5,0,4,19,13,2,6,2,2,1
26.8616,55.9407,24.0,36.0,30.0,1,6,6,10,13,5,2,11,3
20.4755,86.965,2.0,21.0,11.5,0,8,1,20,0,4,0,10,1
32.9775,13.6219,32.0,0.0,16.0,0,5,11,16,2,8,2,8,1
10.83,-71.7659,43.0,69.0,56.0,1,4,13,9,17,0,0,6,2
12.9854,74.625,20.0,46.0,33.0,0,5,1,13,1,5,0,1,1
24.9048,46.3269,20.0,25.0,22.5,1,4,14,15,2,0,0,6,2
40.6338,49.9091,34.0,52.0,43.0,1,6,7,13,10,5,2,9,3
13.0307,74.711,49.0,61.0,55.0,0,5,14,16,14,6,2,10,1
13.2139,74.5103,17.0,34.0,25.5,1,4,7,12,8,6,0,0,3
12.9064,80.7266,4.0,0.0,2.0,1,4,10,14,1,5,2,3,2
22.0049,69.6096,45.0,60.0,52.5,0,5,23,2,8,1,2,1,1
33.1247,35.4616,43.0,66.0,54.5,1,4,12,20,8,6,2,5,3
15.2655,43.0177,0.0,16.0,8.0,1,4,18,15,16,7,1,3,2
15.1596,32.4954,20.0,47.0,33.5,1,5,6,4,1,8,1,4,3
7.5104,76.5487,36.0,56.0,46.0,0,6,26,15,17,7,0,1,2
4.9792,5.8335,7.0,29.0,18.0,1,6,2,6,9,1,0,9,2
27.3714,56.038,0.0,32.0,16.0,1,5,24,19,17,5,0,9,3
29.1358,50.4422,10.0,37.0,23.5,1,6,26,17,12,5,0,9,2
7.8398,77.0472,25.0,26.0,25.5,1,7,17,18,8,7,2,3,3
12.622,80.6089,28.0,35.0,31.5,1,6,16,1,1,2,0,4,3
8.0693,-63.452,26.0,29.0,27.5,0,6,27,18,10,0,0,2,1
23.9873,54.6629,7.0,13.0,10.0,0,7,21,1,15,6,0,10,1
12.64,43.2868,47.0,55.0,51.0,1,4,10,13,4,4,2,0,3
12.5165,43.414,40.0,43.0,41.5,1,5,11,12,11,6,0,4,3
12.8156,43.1278,37.0,46.0,41.5,1,4,25,3,1,5,0,7,3
24.0468,54.677,14.0,32.0,23.0,0,6,12,18,6,2,1,8,0
2.5858,101.6854,34.0,40.0,37.0,1,7,9,20,8,7,2,6,3
30.4834,48.0672,49.0,76.0,62.5,1,6,11,18,14,5,2,11,3
35.9351,51.5221,30.0,39.0,34.5,1,7,7,3,14,3,0,3,3
19.2042,72.6558,4.0,25.0,14.5,1,7,29,18,11,0,2,7,2
33.1452,35.043,0.0,10.0,5.0,0,6,5,12,4,5,0,10,0
5.0581,5.9375,5.0,5.0,5.0,1,5,23,12,16,6,2,0,2
24.5035,54.2468,23.0,34.0,28.5,1,6,26,6,6,5,0,9,3
8.1445,76.7007,2.0,4.0,3.0,1,4,22,12,2,8,2,3,2
26.6361,56.6397,21.0,36.0,28.5,1,4,9,6,7,7,1,7,3
15.3973,32.9668,2.0,24.0,13.0,0,4,17,6,16,2,2,2,0
8.3767,77.2231,42.0,45.0,43.5,0,4,23,11,11,2,0,1,1
26.826,56.4272,18.0,29.0,23.5,1,5,30,7,12,2,2,0,2
24.9807,49.2366,31.0,45.0,38.0,1,7,19,10,8,0,0,3,3
41.2219,44.4491,48.0,50.0,49.0,1,5,11,0,10,7,1,4,3
22.6668,73.3958,35.0,44.0,39.5,1,6,22,17,10,7,0,9,3
41.2329,44.1284,26.0,45.0,35.5,1,5,26,16,1,8,0,9,3
4.9943,6.3307,38.0,50.0,44.0,1,4,15,3,13,8,1,7,3
50.4852,30.6699,41.0,46.0,43.5,0,4,6,17,9,1,0,2,1
32.5299,51.9807,2.0,13.0,7.5,0,7,3,13,1,4,0,10,1
34.2054,51.4796,13.0,35.0,24.0,1,7,22,14,16,1,2,4,2
32.9434,52.0063,0.0,1.0,0.5,1,5,4,5,17,7,0,6,2
8.9184,72.4815,35.0,40.0,37.5,1,5,17,11,10,0,0,4,3
32.3622,34.8154,49.0,75.0,62.0,0,4,16,9,14,5,0,1,1
10.3945,-71.1559,22.0,43.0,32.5,1,7,30,16,17,8,1,6,2
47.5166,35.0538,1.0,7.0,4.0,1,6,18,18,1,4,2,6,2
12.7716,80.3614,30.0,57.0,43.5,1,8,3,6,5,4,2,0,3
33.9827,52.047,11.0,17.0,14.0,0,5,12,16,17,5,2,1,1
28.7407,50.4059,25.0,29.0,27.0,1,4,8,18,12,0,1,3,3
28.501,50.6336,14.0,42.0,28.0,0,8,1,8,8,6,2,1,1
26.6325,56.1454,49.0,71.0,60.0,1,4,12,17,14,2,2,5,3
32.357,19.9436,9.0,19.0,14.0,1,8,1,14,5,0,1,7,2
20.5411,86.1597,45.0,47.0,46.0,1,5,8,6,16,2,1,6,2
50.8475,30.6067,20.0,36.0,28.0,1,4,28,10,14,7,0,7,3
15.6286,44.5475,32.0,37.0,34.5,1,7,27,6,5,3,2,5,3
7.8427,76.9145,29.0,50.0,39.5,1,5,25,5,10,8,2,11,3
12.3187,113.543,9.0,33.0,21.0,1,5,4,8,16,8,0,5,2
22.6491,70.0235,39.0,45.0,42.0,1,7,4,16,2,5,0,11,3
9.6747,76.4405,46.0,62.0,54.0,1,6,22,0,11,8,0,5,3
35.963,51.8665,43.0,57.0,50.0,0,4,12,16,1,4,0,10,2
22.6296,73.0929,6.0,21.0,13.5,0,6,1,4,1,3,2,8,1
30.0313,18.1061,21.0,49.0,35.0,1,5,8,9,1,6,2,6,2
40.876,44.3526,13.0,27.0,20.0,0,6,28,9,6,5,2,10,1
15.8425,44.4535,4.0,18.0,11.0,1,5,25,18,7,0,2,5,2
13.0987,80.24,25.0,32.0,28.5,1,5,21,17,14,7,2,3,3
12.4826,75.0075,5.0,12.0,8.5,0,7,27,19,12,3,2,8,0
12.138,114.2402,32.0,43.0,37.5,0,6,4,7,10,3,0,1,1
19.5196,36.9511,34.0,44.0,39.0,1,4,27,18,16,0,2,9,3
32.9304,52.163,44.0,58.0,51.0,1,5,13,15,5,8,2,5,3
12.2339,113.6048,19.0,44.0,31.5,1,5,1,4,2,1,2,0,2
26.2374,56.5394,19.0,43.0,31.0,1,6,18,14,5,6,1,3,3
10.5152,-71.5086,46.0,63.0,54.5,0,4,23,6,12,5,2,1,1
24.9226,48.4322,39.0,48.0,43.5,1,4,9,1,6,8,2,7,3
19.231,72.6064,29.0,56.0,42.5,1,5,19,10,13,7,0,7,3
17.8438,83.6808,12.0,34.0,23.0,1,5,12,9,1,7,0,6,2
31.9419,20.3336,32.0,41.0,36.5,1,6,14,11,14,2,0,5,3
30.9122,47.8351,44.0,48.0,46.0,1,4,26,18,8,6,2,4,3
25.6236,49.9851,32.0,55.0,43.5,1,6,9,15,4,1,2,6,2
15.0086,43.7676,34.0,43.0,38.5,1,6,15,6,14,7,2,9,3
10.2179,76.6352,39.0,47.0,43.0,1,6,12,2,11,7,1,5,3
28.7902,50.6733,14.0,30.0,22.0,0,6,24,1,16,5,0,2,1
32.3765,35.1261,16.0,38.0,27.0,0,5,13,2,12,6,1,8,1
10.2662,-71.5477,0.0,5.0,2.5,0,4,17,5,6,3,0,8,0
8.72,-63.6463,15.0,18.0,16.5,1,7,15,20,17,6,0,9,2
56.0959,37.2172,42.0,59.0,50.5,1,5,4,3,13,4,0,11,3
12.7286,43.6595,18.0,43.0,30.5,1,6,8,20,17,6,2,3,3
50.0641,30.7366,2.0,3.0,2.5,1,6,27,0,2,7,2,7,2
4.6539,6.7571,14.0,26.0,20.0,1,7,14,17,6,5,2,6,2
30.9326,34.6181,4.0,12.0,8.0,1,6,8,18,0,6,0,0,2
47.5699,35.3713,42.0,43.0,42.5,1,5,24,0,7,7,2,6,3
6.6109,2.9042,11.0,24.0,17.5,0,7,9,5,3,2,0,8,0
55.347,37.3223,37.0,65.0,51.0,0,5,9,8,3,2,1,1,1
15.6512,32.4471,3.0,26.0,14.5,1,5,28,6,6,2,1,5,2
32.3271,20.4997,49.0,60.0,54.5,1,7,29,3,0,4,0,5,3
10.7677,-67.203,45.0,72.0,58.5,1,7,12,20,13,3,0,11,3
14.9407,44.569,18.0,44.0,31.0,1,6,1,1,2,7,2,9,3
11.5127,113.6854,40.0,66.0,53.0,1,6,29,17,17,3,2,9,3
13.0592,80.5745,35.0,54.0,44.5,1,7,29,12,7,4,2,6,3
4.6257,5.5207,46.0,56.0,51.0,1,5,25,4,9,8,1,4,3
44.4275,38.0454,49.0,65.0,57.0,1,5,9,1,10,0,0,4,3
8.0252,77.2575,48.0,73.0,60.5,0,8,1,13,10,5,2,1,1
40.363,49.9868,47.0,47.0,47.0,1,5,9,14,5,4,2,0,3
11.856,113.7819,28.0,52.0,40.0,1,7,17,9,13,6,1,3,3
10.2114,75.8338,42.0,43.0,42.5,0,7,10,0,2,8,0,10,1
26.2236,49.4943,15.0,37.0,26.0,1,6,20,3,10,7,2,7,3
32.5476,12.8023,6.0,33.0,19.5,0,5,2,5,0,7,0,2,1
15.6007,43.9821,49.0,72.0,60.5,0,5,8,2,3,4,0,8,2
2.2587,101.1257,34.0,39.0,36.5,0,5,3,16,16,3,1,10,1
15.7735,32.6083,14.0,26.0,20.0,1,5,7,19,16,6,0,4,2
5.1642,5.8036,46.0,62.0,54.0,0,7,16,13,3,0,1,1,1
5.263,7.5169,29.0,36.0,32.5,0,5,15,3,11,5,2,1,1
20.0245,37.6604,0.0,7.0,3.5,1,5,1,0,7,6,0,4,2
32.9256,13.5005,42.0,43.0,42.5,0,4,22,9,11,6,1,8,1
19.2227,72.6181,1.0,30.0,15.5,1,4,20,2,1,5,0,9,2
8.0213,76.9986,46.0,0.0,23.0,0,5,1,10,4,6,2,1,1
19.6605,36.9878,42.0,45.0,43.5,1,7,15,7,15,8,0,4,3
17.8417,83.1281,13.0,14.0,13.5,1,6,22,18,17,5,2,7,2
18.1344,82.7648,2.0,12.0,7.0,1,4,10,17,1,3,0,7,2
2.2607,101.4261,10.0,23.0,16.5,0,6,27,1,12,0,0,8,1
26.772,56.1215,28.0,41.0,34.5,1,6,10,4,1,8,0,4,3
9.9464,76.4823,27.0,27.0,27.0,1,4,28,9,5,8,0,4,3
17.6642,82.7545,30.0,43.0,36.5,1,4,18,12,9,0,2,6,2
7.7764,77.4702,20.0,38.0,29.0,1,7,19,4,12,8,2,11,3
33.347,13.2124,29.0,33.0,31.0,0,6,27,16,4,4,2,2,2
11.3279,44.5748,0.0,48.0,24.0,1,7,13,19,10,1,2,5,2
8.5134,72.9762,36.0,49.0,42.5,0,7,11,18,0,7,2,1,2
28.9828,50.1154,11.0,24.0,17.5,1,4,27,0,8,8,0,7,3
8.3742,76.5875,0.0,4.0,2.0,1,7,27,13,5,7,0,11,2
26.694,50.2246,25.0,26.0,25.5,1,6,29,5,11,4,2,3,3
8.4887,77.0258,15.0,17.0,16.0,0,4,10,9,2,2,2,1,0
9.4903,76.0853,42.0,56.0,49.0,1,7,27,14,5,6,0,6,3
44.351,37.8798,3.0,29.0,16.0,0,6,22,0,1,0,0,10,0
12.5814,43.3946,19.0,43.0,31.0,1,4,14,12,9,7,0,7,3
31.0502,35.0232,21.0,47.0,34.0,1,6,18,6,12,8,0,9,3
9.1455,111.776,44.0,72.0,58.0,1,6,10,20,16,6,0,7,3
11.2359,44.5067,30.0,42.0,36.0,1,4,11,7,14,5,0,9,3
15.2166,43.2989,8.0,36.0,22.0,0,4,2,13,8,4,1,2,1
17.8594,83.2357,6.0,22.0,14.0,0,5,22,2,2,1,1,8,0
5.135,5.7153,32.0,35.0,33.5,1,6,10,20,3,2,1,4,3
10.7062,45.1123,40.0,59.0,49.5,1,6,6,15,8,2,0,7,3
6.0282,3.2152,20.0,25.0,22.5,1,7,26,2,14,2,0,9,2
50.5833,30.4023,31.0,45.0,38.0,1,4,11,5,10,7,0,6,3
32.8596,44.7733,4.0,26.0,15.0,0,4,29,6,7,6,0,10,0
4.3997,7.5244,36.0,63.0,49.5,1,5,3,2,10,4,1,0,3
19.1126,71.6758,17.0,41.0,29.0,1,4,30,18,2,6,2,6,2
31.9974,34.6563,12.0,37.0,24.5,1,6,25,14,3,8,2,7,3
24.1543,54.4595,12.0,15.0,13.5,1,5,8,14,14,3,2,9,2
8.4811,-63.9156,35.0,48.0,41.5,1,4,8,10,5,6,0,6,2
2.9054,101.6466,49.0,59.0,54.0,1,7,24,6,4,6,0,3,3
26.9278,55.8858,23.0,42.0,32.5,1,4,12,15,11,0,2,3,3
13.1349,74.3834,28.0,57.0,42.5,0,4,10,4,12,7,2,8,1
17.5998,83.5643,9.0,32.0,20.5,1,5,20,8,5,0,2,6,2
10.6198,45.0136,19.0,34.0,26.5,1,6,11,8,1,4,1,9,3
10.5384,-66.4451,31.0,40.0,35.5,0,6,30,2,9,3,1,10,1
15.7805,32.9855,48.0,72.0,60.0,1,4,12,10,4,0,0,11,3
10.1081,-67.0532,44.0,72.0,58.0,1,7,29,10,3,4,1,0,3
15.3719,32.7511,20.0,26.0,23.0,1,7,12,15,2,4,0,3,3
7.7368,77.2894,31.0,57.0,44.0,1,7,13,15,13,0,0,3,3
30.6902,31.8843,30.0,47.0,38.5,0,5,28,7,2,5,2,10,1
30.8807,31.8905,2.0,3.0,2.5,1,5,27,5,17,2,2,4,2
44.9429,38.0314,42.0,50.0,46.0,1,7,24,8,0,0,1,5,3
13.0733,80.3248,4.0,11.0,7.5,0,4,15,9,10,2,0,10,0
30.642,34.6612,46.0,73.0,59.5,1,6,23,6,3,1,2,7,3
30.8378,17.8032,22.0,28.0,25.0,1,4,27,15,8,4,2,11,3
5.0205,6.6435,21.0,50.0,35.5,1,4,18,16,3,1,2,9,2
27.5062,56.0605,28.0,30.0,29.0,0,7,23,13,0,3,2,10,1
12.9725,75.081,0.0,15.0,7.5,1,5,10,9,2,4,0,0,3
47.5006,34.8407,46.0,48.0,47.0,0,6,13,3,0,2,0,10,1
24.9974,47.1355,16.0,42.0,29.0,1,5,15,7,8,5,2,11,3
4.7523,5.7495,13.0,41.0,27.0,0,8,1,17,15,1,0,2,1
17.6635,82.966,49.0,53.0,51.0,1,5,31,10,15,1,1,4,3
17.4142,83.169,19.0,42.0,30.5,0,4,1,20,7,7,1,8,1
26.0522,50.1118,37.0,38.0,37.5,0,6,21,17,6,5,0,10,1
22.6083,70.202,12.0,29.0,20.5,1,7,8,10,2,7,2,11,3
29.7742,48.35,6.0,11.0,8.5,1,6,15,18,14,5,2,4,2
32.9644,12.9047,17.0,24.0,20.5,1,5,28,6,13,8,2,0,3
25.3267,49.3166,6.0,35.0,20.5,1,7,1,8,12,3,0,7,3
36.042,51.0413,4.0,18.0,11.0,1,4,25,16,12,1,1,11,2
36.0143,51.4487,3.0,22.0,12.5,0,4,11,2,8,4,0,10,1
24.3775,54.3503,3.0,31.0,17.0,1,4,1,10,10,1,0,5,2
33.3872,52.3665,40.0,44.0,42.0,1,7,18,12,2,4,1,6,3
26.5743,50.596,7.0,21.0,14.0,1,6,26,11,4,3,0,6,2
15.4816,32.8235,47.0,61.0,54.0,0,5,15,17,17,8,2,10,1
29.3558,47.8144,17.0,22.0,19.5,1,5,24,12,8,3,2,0,3
5.1502,6.4946,29.0,38.0,33.5,1,4,22,1,2,6,2,11,2
29.0922,47.7489,16.0,38.0,27.0,0,4,28,8,5,8,0,10,1
19.5135,37.6908,0.0,14.0,7.0,0,5,19,13,9,7,2,8,1
22.2701,70.1893,13.0,28.0,20.5,0,7,8,13,17,1,2,8,0
30.867,18.3617,19.0,26.0,22.5,1,4,9,4,10,4,2,6,2
4.5698,6.6994,26.0,44.0,35.0,1,5,25,20,17,4,2,9,3
32.4221,12.774,8.0,10.0,9.0,1,4,29,13,6,6,1,4,2
50.3317,35.9076,18.0,39.0,28.5,0,7,31,5,2,2,1,1,1
11.3967,44.9305,0.0,22.0,11.0,0,6,1,3,7,2,1,8,0
47.5677,35.2742,1.0,18.0,9.5,1,6,19,10,8,7,2,0,2
19.5346,72.585,6.0,26.0,16.0,1,4,16,4,8,3,0,3,3
32.093,19.8535,11.0,17.0,14.0,1,5,5,9,10,2,1,0,2
31.1171,48.5658,25.0,35.0,30.0,0,5,14,2,5,0,0,2,1
12.683,80.6066,27.0,45.0,36.0,1,7,14,14,13,6,0,11,3
55.7824,37.9691,11.0,34.0,22.5,1,4,8,19,11,6,0,3,2
12.4296,114.2849,19.0,30.0,24.5,1,6,2,16,2,2,0,9,2
12.5185,43.7505,7.0,18.0,12.5,0,7,10,12,8,6,1,10,1
6.7234,3.0652,7.0,15.0,11.0,0,5,2,2,13,0,0,10,1
27.0488,50.4161,26.0,38.0,32.0,0,7,27,5,12,4,0,10,1
10.6607,-66.7027,42.0,51.0,46.5,0,6,9,5,9,6,0,1,1
14.4,43.194,46.0,62.0,54.0,0,5,7,4,16,2,0,1,1
40.6994,49.652,16.0,26.0,21.0,1,4,2,18,5,2,0,7,2
26.9952,56.3699,13.0,36.0,24.5,1,5,8,15,8,2,0,11,2
55.5842,37.8235,32.0,0.0,16.0,1,5,29,15,4,7,0,3,3
21.8091,72.6983,41.0,70.0,55.5,1,7,5,2,14,4,1,6,3
19.3015,71.148,27.0,50.0,38.5,1,4,16,12,8,0,0,4,3
30.5045,47.8689,28.0,54.0,41.0,0,6,29,1,11,7,0,1,1
27.4509,56.1529,0.0,6.0,3.0,1,5,18,2,7,5,2,3,2
14.8913,43.0046,15.0,44.0,29.5,0,6,4,11,4,3,0,10,1
30.9674,17.5205,7.0,10.0,8.5,1,7,14,2,13,0,2,0,2
19.3911,73.3578,30.0,0.0,15.0,1,4,14,8,13,8,0,7,3
41.4562,44.2313,44.0,70.0,57.0,1,6,22,16,13,8,2,11,3
17.4421,83.4992,21.0,32.0,26.5,1,5,26,13,1,8,0,5,3
29.8232,47.5088,8.0,10.0,9.0,0,5,5,8,12,4,1,2,1
32.2048,35.0224,15.0,34.0,24.5,1,6,18,12,17,4,0,0,3
32.7907,51.7527,36.0,61.0,48.5,1,6,29,15,11,5,2,9,3
20.3913,86.5076,36.0,38.0,37.0,1,6,13,9,5,2,0,9,3
8.6597,112.204,15.0,40.0,27.5,1,6,13,3,9,2,0,9,2
50.3616,36.2774,46.0,48.0,47.0,0,5,7,13,3,2,2,10,1
6.7566,3.3866,8.0,9.0,8.5,1,4,15,10,6,8,2,6,2
10.6625,-71.8677,0.0,46.0,23.0,0,7,31,6,9,6,2,1,1
30.4783,17.8502,18.0,18.0,18.0,1,6,27,20,12,6,2,0,3
31.9912,19.6632,31.0,44.0,37.5,0,5,6,9,6,2,1,8,1
5.4257,5.5161,18.0,27.0,22.5,0,5,29,6,1,7,2,2,2
41.3293,44.3281,5.0,9.0,7.0,1,6,16,9,6,6,0,4,2
12.2685,43.8957,20.0,44.0,32.0,1,6,3,12,1,1,0,7,3
2.4268,101.3991,31.0,34.0,32.5,1,4,23,2,5,6,1,9,3
10.6242,44.5142,8.0,11.0,9.5,1,5,14,18,1,7,2,11,3
39.927,49.7816,40.0,43.0,41.5,1,6,17,5,9,4,2,9,3
30.6155,32.3983,33.0,46.0,39.5,0,4,22,2,0,1,2,8,1
7.7347,76.5476,30.0,58.0,44.0,1,5,22,5,2,0,0,6,2
10.9698,-66.7665,21.0,50.0,35.5,1,4,26,5,16,3,2,5,3
30.8138,17.8129,27.0,0.0,13.5,0,5,31,17,16,2,2,2,1
50.0116,30.3018,14.0,34.0,24.0,0,4,30,14,9,8,2,8,1
10.7531,45.0106,3.0,29.0,16.0,1,6,23,13,11,6,2,6,1
21.8142,72.912,48.0,0.0,24.0,1,7,11,15,1,0,0,11,3
33.2615,13.6297,36.0,52.0,44.0,0,7,5,9,7,1,0,8,1
44.3875,37.5754,7.0,11.0,9.0,0,6,28,1,9,1,0,2,1
7.0177,3.3145,21.0,48.0,34.5,1,5,28,14,13,7,1,6,2
19.0644,73.2338,26.0,35.0,30.5,1,8,1,5,11,6,0,0,3
14.9381,44.0409,19.0,20.0,19.5,0,6,26,6,0,6,2,2,1
14.9135,42.5011,28.0,44.0,36.0,1,5,16,3,13,8,0,6,2
49.989,36.2147,44.0,45.0,44.5,1,6,23,5,4,3,0,3,3
24.6155,54.5858,0.0,50.0,25.0,1,5,26,12,16,2,2,11,3
18.1292,83.5036,27.0,30.0,28.5,1,6,13,6,8,6,0,4,3
29.1314,50.3542,35.0,39.0,37.0,1,7,5,6,4,3,0,0,3
36.0461,51.2266,14.0,24.0,19.0,1,7,21,13,3,4,2,9,3
5.2215,7.4753,14.0,0.0,7.0,1,6,5,12,11,7,2,0,3
4.5039,6.9115,40.0,66.0,53.0,1,5,26,19,9,3,0,11,3
9.2162,72.0398,45.0,61.0,53.0,0,4,1,3,6,5,1,2,2
5.4884,6.0201,32.0,50.0,41.0,0,7,22,5,6,6,0,8,1
49.9486,36.5238,43.0,62.0,52.5,1,4,21,1,8,3,0,5,3
22.6599,73.5914,46.0,52.0,49.0,1,7,9,4,0,6,2,7,3
50.0365,30.5753,21.0,45.0,33.0,0,7,13,17,12,6,1,1,1
26.7532,50.2839,35.0,52.0,43.5,0,6,8,10,5,1,2,8,1
32.2577,51.7738,8.0,0.0,4.0,1,4,19,14,2,6,0,11,3
15.5783,32.3166,26.0,35.0,30.5,0,4,5,20,0,4,2,2,2
25.0387,46.6694,23.0,51.0,37.0,0,7,7,19,13,2,2,1,1
8.0523,-63.95,48.0,53.0,50.5,0,6,9,3,1,6,0,8,1
28.5263,51.0634,17.0,28.0,22.5,1,5,5,6,17,0,2,5,3
8.7272,111.5434,22.0,24.0,23.0,1,7,25,13,15,6,0,0,3
22.0507,70.4613,24.0,35.0,29.5,1,6,16,16,5,0,1,11,3
32.4166,13.5687,0.0,12.0,6.0,0,5,18,2,1,3,0,1,0
57.0021,22.4612,23.0,30.0,26.5,1,7,4,14,4,3,0,0,3
26.3344,50.4491,39.0,50.0,44.5,0,4,16,14,15,7,2,8,2
44.4976,37.6835,18.0,19.0,18.5,1,6,28,4,16,7,0,9,3
29.7946,48.3279,22.0,36.0,29.0,0,5,27,16,12,4,2,1,1
22.5265,70.3203,30.0,37.0,33.5,1,4,20,14,10,3,1,0,3
56.1664,37.6484,26.0,55.0,40.5,1,4,11,5,4,7,1,5,3
22.6739,70.4071,36.0,37.0,36.5,0,4,11,13,4,6,0,10,1
19.1646,73.0975,6.0,12.0,9.0,0,4,26,4,4,5,2,10,1
29.3365,51.3287,15.0,32.0,23.5,1,5,9,6,8,5,0,4,2
12.238,43.5975,33.0,50.0,41.5,1,4,17,2,7,7,0,5,3
22.5327,69.9537,5.0,24.0,14.5,1,7,12,5,14,5,0,3,2
19.8212,86.7428,20.0,33.0,26.5,1,5,10,5,13,2,2,4,3
19.1766,72.7223,9.0,25.0,17.0,0,5,27,5,16,3,1,8,1
29.4403,47.8885,14.0,15.0,14.5,0,6,17,6,15,6,0,10,1
12.9065,43.242,40.0,59.0,49.5,0,6,3,17,1,8,0,10,1
27.1698,56.4427,12.0,13.0,12.5,1,7,6,3,4,5,1,4,2
27.0425,56.3133,1.0,14.0,7.5,1,5,22,7,15,2,2,9,2
19.4945,72.3798,10.0,37.0,23.5,0,4,5,8,1,0,0,2,1
31.0527,32.2927,0.0,12.0,6.0,0,5,10,9,13,6,2,8,0
17.82,82.84,4.0,14.0,9.0,0,6,19,6,4,3,0,10,0
8.5944,112.1344,30.0,46.0,38.0,1,5,30,13,14,6,1,9,3
40.0631,50.1936,49.0,49.0,49.0,1,6,15,16,8,8,0,3,3
10.8065,-66.833,0.0,20.0,10.0,1,5,7,17,1,3,0,3,2
50.4567,36.5602,17.0,29.0,23.0,0,5,7,13,11,4,1,1,1
40.6769,44.2539,42.0,57.0,49.5,0,6,20,18,11,6,2,2,2
14.4633,43.0298,42.0,69.0,55.5,0,4,3,4,3,0,1,8,1
32.5483,35.0025,42.0,55.0,48.5,0,7,24,0,11,7,1,10,2
26.444,50.4867,12.0,32.0,22.0,0,4,7,5,11,0,0,8,1
55.685,37.2321,30.0,45.0,37.5,1,8,1,20,4,5,1,6,2
5.4013,6.2025,6.0,7.0,6.5,1,7,23,11,2,7,2,7,2
30.9838,48.8359,36.0,44.0,40.0,0,4,5,8,13,3,2,2,2
25.6259,49.7992,14.0,36.0,25.0,0,4,21,10,16,6,2,8,1
9.4751,76.319,48.0,60.0,54.0,1,4,25,9,4,2,2,3,3
22.6254,69.8048,31.0,50.0,40.5,1,6,1,5,17,5,2,5,3
30.7912,31.844,42.0,59.0,50.5,0,7,10,10,13,0,2,8,1
2.3863,101.0134,9.0,31.0,20.0,0,6,23,18,6,2,1,10,0
33.3413,12.8237,4.0,23.0,13.5,1,4,17,3,14,1,2,5,2
19.3879,37.0699,25.0,39.0,32.0,1,4,17,20,0,6,1,3,3
35.4399,51.5664,6.0,33.0,19.5,0,4,15,15,11,7,0,1,1
30.0903,32.4959,5.0,28.0,16.5,1,5,2,10,9,7,0,11,3
40.6738,44.2094,33.0,34.0,33.5,1,5,5,11,5,7,0,0,3
12.6706,80.4622,11.0,38.0,24.5,1,8,2,13,13,4,1,4,3
20.5401,86.5023,18.0,19.0,18.5,1,7,5,8,17,5,0,11,3
25.8171,49.3916,21.0,50.0,35.5,0,5,19,1,16,6,0,2,1
20.1435,86.7966,44.0,52.0,48.0,1,6,21,16,17,3,2,11,3
24.9002,49.2019,12.0,21.0,16.5,0,6,29,20,2,6,0,1,1
29.2351,48.1569,47.0,64.0,55.5,0,5,19,1,9,5,1,2,2
13.0977,80.6198,20.0,45.0,32.5,1,5,19,4,13,3,2,0,3
7.8417,77.3336,22.0,31.0,26.5,1,6,12,4,5,7,2,0,3
6.9992,3.0954,7.0,28.0,17.5,1,7,12,7,12,8,1,5,2
9.4971,72.6003,16.0,31.0,23.5,1,7,22,12,15,2,2,5,3
26.8881,50.293,20.0,49.0,34.5,0,7,25,8,3,5,2,10,1
31.1806,35.0035,41.0,66.0,53.5,1,4,2,9,14,7,0,9,3
26.8897,49.6919,24.0,49.0,36.5,1,7,21,16,13,2,2,3,2
29.2369,51.142,14.0,32.0,23.0,1,5,27,19,6,8,0,11,3
24.9374,55.0894,22.0,29.0,25.5,1,6,16,3,0,7,0,7,3
28.4686,50.6213,24.0,53.0,38.5,1,7,27,18,5,8,1,3,3
57.0055,22.0793,13.0,24.0,18.5,0,4,9,18,9,4,0,10,1
10.1181,-67.2303,6.0,16.0,11.0,1,8,2,11,8,7,0,7,2
7.5442,77.4715,21.0,43.0,32.0,1,4,20,17,2,2,1,11,2
17.2077,83.6131,45.0,50.0,47.5,1,5,17,10,6,8,1,3,3
19.3332,71.8167,45.0,51.0,48.0,0,4,8,4,8,5,2,8,1
8.5602,-63.5291,2.0,0.0,1.0,1,7,18,0,8,6,0,9,2
18.6238,73.1208,44.0,53.0,48.5,1,6,24,8,1,7,2,4,3
8.8515,72.9491,42.0,64.0,53.0,1,4,18,7,10,4,0,5,3
33.8229,51.5288,0.0,45.0,22.5,0,4,28,7,3,4,2,1,1
10.8321,44.5449,12.0,32.0,22.0,1,4,4,3,7,4,0,11,3
27.4939,56.6522,18.0,35.0,26.5,1,6,22,18,4,5,0,5,3
22.4274,69.6899,41.0,60.0,50.5,1,4,29,15,0,5,2,3,3
20.2504,86.3538,10.0,21.0,15.5,0,5,16,9,17,0,2,1,1
30.7469,32.6498,13.0,31.0,22.0,0,4,23,6,17,5,0,8,1
19.7027,36.9692,14.0,42.0,28.0,0,5,24,12,10,3,2,1,1
32.2463,51.3132,35.0,37.0,36.0,0,4,24,4,4,1,1,10,1
10.2563,76.1719,40.0,41.0,40.5,1,6,23,2,8,1,1,9,3
48.0058,34.7818,14.0,34.0,24.0,1,5,27,13,1,1,2,7,2
57.4466,22.0228,2.0,24.0,13.0,1,7,18,0,14,3,1,3,2
6.3393,3.0947,20.0,41.0,30.5,1,7,26,3,5,4,0,0,3
29.2662,50.6727,39.0,55.0,47.0,1,5,18,12,12,0,2,6,2
2.4175,101.2803,35.0,47.0,41.0,0,4,23,12,8,2,0,10,1
40.3712,49.4099,25.0,39.0,32.0,0,6,25,12,1,2,0,1,1
44.7686,37.9327,24.0,24.0,24.0,0,7,17,20,2,4,1,8,1
10.2484,-66.4621,43.0,57.0,50.0,1,8,1,17,5,3,2,4,3
26.7851,49.9799,14.0,22.0,18.0,1,7,30,4,1,4,0,3,3
18.5939,72.5041,3.0,28.0,15.5,1,7,17,14,2,0,0,11,2
28.6885,50.8881,37.0,53.0,45.0,1,4,6,6,14,3,1,5,3
48.1919,34.7675,6.0,24.0,15.0,1,7,12,6,16,4,1,11,2
30.839,47.3257,30.0,54.0,42.0,1,6,26,9,16,8,2,6,2
12.3816,113.9158,9.0,24.0,16.5,1,5,2,16,10,3,0,0,2
25.0955,54.894,10.0,26.0,18.0,1,7,18,10,4,2,2,11,2
7.6913,77.17,41.0,63.0,52.0,1,7,25,10,17,1,0,7,3
20.107,37.6212,22.0,43.0,32.5,1,7,31,16,3,1,2,9,2
8.273,-63.1335,17.0,17.0,17.0,1,4,29,8,14,5,0,4,3
9.916,75.8973,3.0,30.0,16.5,1,4,13,15,5,3,1,0,2
2.8089,101.2034,20.0,39.0,29.5,1,6,23,2,11,0,1,6,2
9.7652,76.4017,21.0,27.0,24.0,1,5,2,3,15,3,2,5,3
50.3977,30.1887,6.0,30.0,18.0,1,7,20,19,17,6,0,7,2
12.6912,79.9356,8.0,17.0,12.5,1,7,14,4,16,1,1,3,2
30.6903,35.4255,8.0,27.0,17.5,1,7,4,9,6,1,1,7,2
30.0863,31.8013,38.0,55.0,46.5,1,5,3,16,17,2,0,7,3
31.9081,20.0693,31.0,31.0,31.0,1,5,28,2,11,8,0,7,3
36.0537,51.8885,31.0,52.0,41.5,1,5,1,2,0,7,0,4,3
30.83,47.8558,8.0,34.0,21.0,0,5,6,20,6,2,0,8,0
32.442,20.5575,0.0,51.0,25.5,1,4,14,18,13,0,2,6,2
41.3199,44.1477,20.0,28.0,24.0,1,5,3,8,2,4,0,5,3
49.9675,30.4292,11.0,17.0,14.0,0,5,25,19,16,0,0,1,1
55.7562,37.7423,0.0,16.0,8.0,0,5,31,5,15,4,2,10,1
24.1431,54.4294,26.0,47.0,36.5,1,5,2,8,0,8,2,6,2
44.4105,38.0047,18.0,40.0,29.0,1,7,19,6,17,1,2,5,2
31.9643,35.2303,36.0,63.0,49.5,0,7,23,20,0,1,2,10,1
28.9413,50.4444,37.0,52.0,44.5,0,8,3,8,10,5,0,8,1
7.8767,77.0792,21.0,0.0,10.5,1,5,4,11,16,8,2,9,3
20.3347,86.9314,20.0,26.0,23.0,1,6,26,1,10,3,0,5,3
25.4638,55.7669,43.0,63.0,53.0,0,4,19,0,17,8,1,2,2
56.8222,22.2585,37.0,57.0,47.0,1,6,27,8,15,5,0,9,3
31.5462,35.174,2.0,0.0,1.0,1,4,20,8,16,5,2,11,2
15.7582,32.4627,14.0,26.0,20.0,1,7,19,14,14,5,0,9,2
18.1227,83.6446,46.0,58.0,52.0,1,6,15,6,2,4,0,4,3
15.1284,43.0183,23.0,42.0,32.5,1,4,27,1,11,3,2,7,3
10.8488,-71.3554,33.0,38.0,35.5,1,6,2,15,14,5,1,3,3
24.2138,46.4814,2.0,8.0,5.0,1,4,23,20,15,2,0,7,2
4.7274,5.5765,17.0,29.0,23.0,0,7,15,16,2,2,0,10,1
32.5486,34.8419,7.0,22.0,14.5,1,5,26,2,3,5,2,4,2
13.0279,74.8243,4.0,9.0,6.5,1,7,25,15,6,3,1,7,2
17.4227,83.5984,23.0,0.0,11.5,0,4,3,7,1,8,2,8,1
10.5516,44.756,30.0,48.0,39.0,1,4,20,16,12,3,1,6,2
31.7446,35.0692,36.0,53.0,44.5,1,6,12,14,4,7,0,7,3
13.2403,75.238,41.0,58.0,49.5,0,4,27,1,11,5,0,1,1
30.6782,31.8149,34.0,41.0,37.5,0,4,2,20,4,5,2,1,1
50.8913,30.5506,28.0,45.0,36.5,0,5,13,9,6,2,2,8,1
10.307,-67.3514,18.0,25.0,21.5,1,5,3,18,8,6,1,3,3
12.5183,75.1727,27.0,35.0,31.0,0,4,3,17,6,4,1,10,1
25.5252,55.6648,6.0,12.0,9.0,0,7,21,8,12,6,0,1,1
56.6054,22.0134,4.0,12.0,8.0,0,6,25,16,7,8,0,1,0
49.8421,36.3955,24.0,33.0,28.5,0,5,28,20,11,6,2,8,1
41.0225,44.1669,26.0,0.0,13.0,0,4,24,15,11,7,0,8,1
17.5798,83.0125,39.0,41.0,40.0,1,7,28,5,13,3,2,7,3
32.5368,35.0982,49.0,77.0,63.0,1,5,31,4,1,7,1,4,3
31.961,34.3793,46.0,66.0,56.0,1,5,29,14,4,2,0,9,3
4.8068,7.1433,18.0,23.0,20.5,1,4,28,7,5,5,1,0,3
8.14,-63.1732,5.0,13.0,9.0,1,4,15,17,10,5,0,6,1
20.7714,86.7055,37.0,43.0,40.0,1,6,1,9,9,7,1,3,3
19.6382,36.8208,45.0,54.0,49.5,1,4,23,17,11,7,0,7,3
44.9479,37.328,10.0,34.0,22.0,1,4,20,15,8,3,0,0,2
26.6611,55.9698,48.0,61.0,54.5,1,5,6,11,4,4,2,6,3
50.2645,36.0309,38.0,54.0,46.0,0,4,16,11,16,0,0,2,2
12.6578,74.7835,47.0,72.0,59.5,1,6,11,1,14,1,2,11,3
12.3188,113.8826,5.0,7.0,6.0,1,5,6,11,17,1,2,9,2
19.7576,37.3486,46.0,57.0,51.5,1,8,3,11,2,4,2,9,3
40.7301,44.3793,1.0,27.0,14.0,1,5,7,9,1,1,2,0,2
15.1096,32.9952,36.0,65.0,50.5,1,5,31,15,10,4,2,6,3
24.7613,54.2432,12.0,12.0,12.0,0,7,27,1,7,7,0,8,1
28.8932,50.606,5.0,9.0,7.0,1,7,16,9,7,2,0,9,2
20.3565,86.5585,2.0,17.0,9.5,1,4,17,9,9,7,2,4,3
25.4644,54.7772,11.0,25.0,18.0,0,7,23,7,4,4,1,1,1
31.6675,34.8856,7.0,12.0,9.5,1,8,2,5,17,5,2,3,2
19.6064,37.5402,41.0,53.0,47.0,1,7,1,12,4,6,0,6,2
30.9903,47.6273,36.0,56.0,46.0,1,7,29,16,6,8,0,7,3
30.906,35.1446,33.0,51.0,42.0,1,7,26,18,14,1,2,4,3
33.3822,51.5848,4.0,8.0,6.0,0,6,28,8,5,5,2,8,0
30.89,48.1385,8.0,15.0,11.5,1,7,2,3,1,2,0,3,2
26.916,56.694,0.0,18.0,9.0,1,7,27,5,16,5,0,6,1
25.973,49.8797,14.0,21.0,17.5,1,6,14,18,6,7,1,4,3
40.8648,43.7959,7.0,20.0,13.5,0,6,17,15,7,4,2,8,1
31.2008,48.568,20.0,40.0,30.0,0,6,11,15,11,3,1,2,1
30.3956,48.1519,38.0,43.0,40.5,0,6,20,5,2,2,0,8,1
22.4836,73.2648,6.0,21.0,13.5,1,8,3,1,10,5,0,7,2
32.2319,51.4458,42.0,68.0,55.0,1,4,3,10,7,1,0,0,3
32.1411,19.9675,47.0,66.0,56.5,1,5,25,10,13,0,2,3,3
33.5689,44.7772,44.0,58.0,51.0,0,5,4,1,15,6,0,2,2
55.4567,37.3364,31.0,60.0,45.5,1,5,13,15,17,3,2,0,3
34.127,51.5505,17.0,34.0,25.5,0,5,29,3,7,3,0,10,1
30.8095,32.3123,36.0,37.0,36.5,1,5,12,2,17,3,2,3,3
24.1069,54.5494,7.0,36.0,21.5,1,6,6,6,5,6,2,0,2
28.9758,50.2716,45.0,57.0,51.0,0,6,15,8,6,3,0,8,1
35.8709,51.3547,0.0,10.0,5.0,1,7,26,6,15,8,0,11,2
32.8798,44.8465,36.0,61.0,48.5,1,6,21,5,14,4,1,9,3
25.4204,49.1258,29.0,35.0,32.0,0,4,16,8,3,8,2,2,1
40.0551,49.8304,23.0,25.0,24.0,0,5,22,8,7,1,1,10,1
15.0184,44.0625,29.0,53.0,41.0,0,7,6,12,4,6,0,2,1
26.7083,56.4963,14.0,26.0,20.0,1,8,2,17,0,6,2,6,2
8.4488,-63.1752,32.0,53.0,42.5,1,5,22,9,2,7,0,11,3
15.2261,32.1292,41.0,56.0,48.5,0,7,6,11,17,7,1,10,2
12.5626,43.7215,11.0,26.0,18.5,0,5,16,17,7,6,2,10,1
33.689,51.8931,9.0,17.0,13.0,1,4,28,16,5,5,2,3,2
22.6467,69.9439,30.0,33.0,31.5,0,6,29,13,1,5,1,2,1
18.9595,71.3322,16.0,24.0,20.0,1,7,28,9,4,3,0,9,3
5.4118,6.4817,25.0,37.0,31.0,1,5,10,12,4,7,2,5,3
25.4631,49.2685,16.0,17.0,16.5,1,7,24,2,5,8,2,7,3
8.8689,-63.1567,32.0,37.0,34.5,1,5,29,17,6,0,0,6,2
11.1461,45.1789,22.0,44.0,33.0,1,6,21,3,1,4,2,9,3
20.7829,86.6063,39.0,66.0,52.5,1,7,29,16,13,2,0,7,3
25.1234,54.9745,1.0,13.0,7.0,1,6,20,11,0,6,0,7,2
6.0391,3.8317,12.0,28.0,20.0,0,5,30,0,6,0,2,2,1
25.4527,55.7112,44.0,60.0,52.0,0,4,28,17,3,2,1,2,1
17.6487,83.4059,16.0,41.0,28.5,1,4,23,9,6,8,0,9,3
24.715,48.7234,27.0,45.0,36.0,1,8,3,3,4,8,0,9,3
10.9702,44.6779,35.0,49.0,42.0,1,5,16,16,6,2,0,7,3
20.6435,87.0074,22.0,39.0,30.5,0,4,1,8,7,6,0,2,1
27.0463,56.6698,48.0,68.0,58.0,0,7,20,18,5,5,2,2,2
2.418,101.3025,10.0,28.0,19.0,1,7,15,12,10,4,1,11,2
15.1278,44.4368,18.0,29.0,23.5,1,6,29,17,14,7,1,0,3
26.5269,50.6202,2.0,5.0,3.5,1,7,10,17,1,7,1,9,2
27.4255,56.203,13.0,27.0,20.0,1,7,3,15,3,0,0,4,2
4.6564,6.2759,14.0,17.0,15.5,1,7,12,3,6,0,2,6,2
10.2012,75.9885,2.0,24.0,13.0,1,4,3,16,2,3,0,0,2
15.0697,42.7611,3.0,32.0,17.5,1,7,13,0,15,8,2,5,2
56.6497,22.0637,19.0,46.0,32.5,1,6,5,20,13,2,2,3,2
10.315,76.1118,6.0,35.0,20.5,0,4,22,9,11,5,0,2,1
48.1371,35.3381,23.0,50.0,36.5,1,7,19,0,10,6,1,0,3
10.3837,-71.7489,47.0,61.0,54.0,0,5,22,17,17,2,2,8,1
50.929,30.101,26.0,50.0,38.0,1,4,9,8,5,1,0,4,2
45.2149,38.0163,17.0,32.0,24.5,0,7,8,18,6,7,2,10,1
31.0619,32.7558,32.0,55.0,43.5,1,6,3,3,15,3,0,11,3
57.0634,21.9296,0.0,26.0,13.0,1,5,30,14,6,2,1,9,2
10.1654,76.7624,5.0,12.0,8.5,0,5,18,7,14,1,0,1,0
12.0297,114.2735,7.0,21.0,14.0,1,4,14,15,2,8,0,4,2
48.1309,34.9072,19.0,20.0,19.5,0,6,19,0,10,1,0,1,1
2.5231,101.3814,40.0,45.0,42.5,1,6,2,18,2,5,2,3,3
24.3592,54.2036,43.0,71.0,57.0,0,5,20,14,17,2,2,1,1
6.6575,3.1142,3.0,15.0,9.0,1,4,15,18,17,8,0,0,2
9.509,76.2587,47.0,53.0,50.0,1,4,18,15,11,3,0,7,3
30.8393,31.8104,4.0,33.0,18.5,1,7,17,19,8,0,0,4,2
13.2587,79.7857,28.0,45.0,36.5,1,7,4,6,17,2,2,4,3
9.7928,76.3019,47.0,73.0,60.0,0,4,12,6,11,2,2,2,1
24.6912,49.1592,12.0,32.0,22.0,1,6,30,1,11,2,2,7,2
10.9322,45.0438,37.0,64.0,50.5,1,5,4,18,9,8,2,11,3
9.34,72.9031,0.0,27.0,13.5,1,7,3,6,8,7,2,3,3
32.6569,34.5191,28.0,44.0,36.0,1,6,10,5,15,5,2,3,3
30.4883,47.3933,45.0,74.0,59.5,1,4,24,20,10,1,0,11,3
26.8471,55.7637,8.0,15.0,11.5,1,7,4,2,16,0,2,0,2
22.0912,70.4297,0.0,14.0,7.0,1,4,21,12,3,6,0,4,2
12.1017,43.398,42.0,71.0,56.5,1,5,12,17,6,0,0,6,2
33.6159,44.27,31.0,40.0,35.5,1,4,9,4,8,3,0,4,3
41.3837,44.2267,42.0,46.0,44.0,1,5,22,3,13,8,0,4,3
29.8674,47.6602,1.0,14.0,7.5,1,4,30,16,13,4,2,6,2
17.9311,83.2332,24.0,26.0,25.0,0,5,16,9,15,6,0,10,1
28.4884,51.3262,24.0,27.0,25.5,0,6,11,17,1,7,1,1,1
6.6948,3.0932,29.0,29.0,29.0,1,5,14,14,16,8,2,4,3
15.2448,42.6747,19.0,25.0,22.0,1,7,14,20,8,8,1,7,3
25.5839,55.6406,10.0,13.0,11.5,0,5,2,5,2,6,2,10,1
18.8158,71.5633,3.0,15.0,9.0,0,5,19,0,3,3,1,2,1
20.4808,86.332,17.0,23.0,20.0,0,5,15,17,7,6,2,1,1
29.3223,47.681,3.0,31.0,17.0,1,5,23,17,3,7,0,6,2
36.1773,51.6615,0.0,13.0,6.5,1,7,23,19,16,2,0,6,1
32.7858,51.9086,28.0,35.0,31.5,0,7,10,15,7,0,1,10,1
5.2952,7.0027,32.0,53.0,42.5,0,7,9,15,10,8,2,1,1
15.0926,32.3384,28.0,41.0,34.5,1,7,1,20,1,2,1,11,2
15.7832,32.4331,14.0,25.0,19.5,1,6,26,1,0,7,2,7,2
50.6837,30.9484,31.0,38.0,34.5,1,7,8,16,17,8,2,11,3
25.0205,48.7947,21.0,46.0,33.5,1,4,16,16,13,5,2,11,3
13.4428,80.6542,29.0,41.0,35.0,1,6,23,15,3,5,2,11,3
32.0328,20.4084,17.0,34.0,25.5,0,7,1,5,6,4,0,8,1
13.0561,43.2565,22.0,22.0,22.0,1,7,29,6,15,1,2,6,2
7.6143,77.1746,36.0,39.0,37.5,1,4,4,17,0,3,0,0,3
30.9203,18.1625,27.0,47.0,37.0,1,6,27,3,9,3,2,4,3
18.0448,83.0829,21.0,42.0,31.5,1,5,21,15,5,8,2,6,2
33.0375,13.2433,40.0,62.0,51.0,1,5,16,20,3,5,2,6,2
2.3114,101.4506,43.0,43.0,43.0,1,4,4,12,0,1,2,4,3
5.0408,7.3015,4.0,22.0,13.0,1,7,22,11,8,7,0,11,2
24.8234,46.716,27.0,35.0,31.0,1,5,30,12,9,3,0,4,3
17.6728,83.1051,2.0,26.0,14.0,1,6,27,4,16,6,0,11,2
10.279,-66.8355,8.0,21.0,14.5,0,5,7,1,4,8,2,2,1
49.7038,36.4047,39.0,58.0,48.5,0,5,12,16,0,6,1,10,1
55.8613,37.7077,34.0,44.0,39.0,1,5,23,3,1,3,1,7,3
12.4587,74.7314,1.0,2.0,1.5,1,7,11,7,13,0,2,3,2
12.1241,43.7719,7.0,26.0,16.5,1,5,15,2,12,2,2,3,2
32.4203,35.0522,43.0,53.0,48.0,0,7,17,5,6,8,0,2,2
21.9012,73.1941,1.0,5.0,3.0,1,7,19,14,9,6,2,7,2
6.0428,3.6612,32.0,57.0,44.5,0,5,4,2,1,1,2,8,1
6.5026,3.1507,11.0,19.0,15.0,0,6,16,0,7,3,2,10,1
12.3327,114.4336,24.0,34.0,29.0,1,7,3,19,3,2,2,6,2
24.3199,46.929,3.0,22.0,12.5,1,7,25,18,7,3,0,7,2
15.8595,44.0886,0.0,25.0,12.5,0,5,5,16,11,0,0,2,1
40.0101,49.958,20.0,27.0,23.5,1,4,2,5,16,3,2,7,2
31.3849,35.2379,6.0,23.0,14.5,1,7,24,6,5,5,1,7,3
27.1052,55.9171,12.0,17.0,14.5,1,4,15,13,16,1,2,7,2
22.1868,69.8694,13.0,30.0,21.5,1,7,16,16,3,0,0,5,3
31.1677,48.3424,34.0,34.0,34.0,0,4,7,7,10,0,2,2,2
25.1508,55.2257,4.0,33.0,18.5,1,5,6,14,12,6,0,6,1
15.0433,32.5722,38.0,52.0,45.0,1,6,21,12,15,2,0,6,2
15.8649,32.07,9.0,14.0,11.5,1,5,23,0,14,6,2,9,2
49.9913,30.1995,6.0,10.0,8.0,1,5,14,15,6,0,1,4,2
40.0511,49.9923,16.0,29.0,22.5,1,6,7,15,0,0,0,3,3
24.8611,49.2177,18.0,19.0,18.5,1,6,17,2,0,2,2,9,2
10.7127,45.4003,22.0,32.0,27.0,0,4,6,13,17,1,1,2,1
11.942,114.2739,5.0,33.0,19.0,1,5,22,13,4,3,2,6,1
9.9732,76.4146,37.0,57.0,47.0,0,5,9,0,7,3,2,10,1
50.3873,30.7865,28.0,32.0,30.0,0,5,20,3,12,5,2,2,1
41.3974,43.8874,21.0,45.0,33.0,1,4,8,17,13,2,1,5,2
17.2525,83.0824,1.0,2.0,1.5,0,7,7,9,16,0,0,10,0
30.382,47.8001,30.0,48.0,39.0,1,6,4,17,8,5,2,9,3
32.7973,51.9096,4.0,31.0,17.5,1,7,20,2,1,7,1,6,2
10.0778,75.9112,38.0,65.0,51.5,1,6,4,9,16,5,1,11,3
10.0552,-67.1068,15.0,44.0,29.5,0,6,18,13,2,2,0,8,0
6.4955,3.0263,30.0,47.0,38.5,1,4,13,0,9,3,0,9,3
9.4322,75.949,39.0,67.0,53.0,1,5,6,2,16,6,0,9,3
22.6259,73.6237,35.0,42.0,38.5,1,6,14,4,13,7,2,5,3
27.0375,49.679,0.0,26.0,13.0,1,4,10,20,4,5,1,4,3
32.4768,19.7391,49.0,57.0,53.0,1,5,8,4,6,7,2,11,3
24.8657,46.7691,1.0,14.0,7.5,0,5,21,8,7,3,1,10,0
32.637,52.0657,7.0,13.0,10.0,1,5,12,8,7,2,2,7,2
20.6742,86.3233,38.0,60.0,49.0,0,5,7,3,15,3,0,8,1
10.6784,45.4166,35.0,37.0,36.0,0,7,5,20,1,0,2,8,1
50.0596,30.2427,17.0,28.0,22.5,1,4,25,4,14,4,2,6,2
55.6581,37.1226,8.0,31.0,19.5,1,7,5,3,12,7,0,11,2
33.1259,35.0023,11.0,33.0,22.0,1,6,9,16,5,8,0,6,2
33.7591,51.7883,27.0,32.0,29.5,1,5,23,14,17,2,2,9,2
22.0513,72.8402,29.0,55.0,42.0,0,5,27,11,3,6,2,1,1
15.6763,43.8566,34.0,61.0,47.5,0,4,10,10,4,8,2,2,2
30.688,35.1227,4.0,30.0,17.0,1,7,22,10,14,1,0,7,2
49.9667,36.6597,32.0,61.0,46.5,1,4,21,2,9,6,2,11,3
12.7827,80.4635,3.0,31.0,17.0,0,7,11,13,17,3,2,10,0
35.2949,50.931,20.0,31.0,25.5,1,6,24,13,5,5,2,5,3
13.3773,79.9694,49.0,60.0,54.5,1,7,31,19,16,5,0,0,3
13.2621,74.5229,49.0,76.0,62.5,0,6,19,11,5,5,2,8,1
9.2652,72.9066,29.0,31.0,30.0,1,5,29,18,12,2,2,0,3
28.9201,50.8524,22.0,22.0,22.0,1,7,19,3,3,5,0,6,2
17.8425,83.0295,19.0,31.0,25.0,1,6,19,19,6,0,0,6,2
57.1073,22.4474,36.0,61.0,48.5,1,5,10,19,0,1,2,4,3
31.7099,19.8988,22.0,40.0,31.0,1,5,28,2,8,5,0,3,3
13.2501,75.0752,45.0,55.0,50.0,0,5,19,7,14,1,1,2,1
19.374,73.1373,17.0,30.0,23.5,0,4,26,4,16,0,1,8,1
32.2193,51.2751,8.0,18.0,13.0,0,8,2,16,16,4,2,1,1
33.2578,35.1686,11.0,36.0,23.5,1,6,20,16,16,6,0,7,3
35.2842,51.6633,13.0,33.0,23.0,0,6,28,3,12,4,2,1,1
12.6704,43.1434,23.0,51.0,37.0,1,5,30,8,5,1,2,11,3
30.3226,48.0408,33.0,50.0,41.5,1,7,24,15,16,3,2,11,3
31.8464,20.2346,15.0,20.0,17.5,1,6,24,19,6,5,2,0,2
32.0118,20.4684,30.0,35.0,32.5,1,6,22,9,5,7,0,11,3
32.3187,20.2649,35.0,42.0,38.5,1,7,29,19,5,3,1,3,3
41.0071,44.0588,41.0,51.0,46.0,1,7,21,1,5,5,2,7,3
17.8153,83.1128,37.0,0.0,18.5,0,5,15,11,14,6,2,10,1
13.2905,74.952,26.0,39.0,32.5,1,4,11,17,13,3,0,7,3
19.3974,73.2971,30.0,31.0,30.5,1,5,14,3,11,5,0,4,3
33.1588,44.6733,11.0,39.0,25.0,1,6,8,17,10,8,2,3,2
26.9881,49.8319,10.0,36.0,23.0,1,4,15,11,11,6,2,11,3
29.6494,50.4293,16.0,41.0,28.5,1,7,20,13,15,6,2,6,2
13.0059,43.5135,33.0,36.0,34.5,0,7,11,16,4,7,2,1,2
10.0435,76.1766,32.0,53.0,42.5,1,7,20,18,3,4,0,6,3
24.9456,46.2674,27.0,49.0,38.0,1,6,5,14,17,2,2,3,2
32.6038,19.8171,22.0,30.0,26.0,0,5,11,5,17,3,2,10,1
22.7079,70.26,2.0,25.0,13.5,1,4,23,12,2,8,2,4,2
44.5982,37.6653,3.0,29.0,16.0,0,4,3,19,9,8,0,10,0
10.7833,45.3233,7.0,30.0,18.5,1,5,4,13,6,5,2,0,2
49.8812,36.242,4.0,18.0,11.0,0,7,5,11,14,7,0,2,1
4.5033,6.3634,21.0,36.0,28.5,1,4,25,16,8,0,0,4,3
24.3267,54.3074,16.0,45.0,30.5,1,5,20,6,5,3,2,0,3
8.5598,-63.3178,23.0,51.0,37.0,1,5,3,2,4,2,2,3,2
20.2004,86.4088,38.0,47.0,42.5,0,5,30,9,13,5,0,2,2
13.1064,80.5225,21.0,29.0,25.0,1,6,15,10,9,0,2,7,3
9.8655,76.5436,29.0,40.0,34.5,1,7,25,16,4,8,2,5,3
20.0737,86.4336,43.0,44.0,43.5,1,6,12,5,6,1,0,4,3
6.7446,3.7177,27.0,41.0,34.0,1,4,14,14,12,7,2,6,2
10.7509,-71.7053,44.0,56.0,50.0,0,7,12,4,13,8,1,8,1
8.3721,77.4918,11.0,29.0,20.0,0,7,17,3,13,6,2,1,1
2.0095,101.0061,2.0,21.0,11.5,0,4,24,16,14,5,1,8,0
10.9336,-71.4873,23.0,41.0,32.0,0,7,28,3,17,0,0,10,1
18.0546,82.8182,15.0,23.0,19.0,1,5,27,0,7,6,2,0,3
50.7973,30.5249,32.0,50.0,41.0,1,5,31,17,8,3,2,11,3
40.4447,49.3691,48.0,68.0,58.0,1,6,6,16,13,8,0,0,3
35.3545,51.8377,30.0,48.0,39.0,1,7,9,3,3,8,2,0,3
44.756,38.0223,14.0,43.0,28.5,0,5,25,17,5,5,2,10,1
55.3285,38.0397,18.0,44.0,31.0,0,7,26,0,11,1,1,2,1
17.7781,83.6222,2.0,22.0,12.0,1,5,18,16,12,1,2,9,2
29.8385,48.1231,33.0,51.0,42.0,1,4,10,5,3,2,0,9,3
25.5781,55.3696,0.0,9.0,4.5,1,6,13,8,10,1,2,5,2
22.776,69.9507,42.0,67.0,54.5,1,4,10,20,10,4,1,0,3
31.5184,35.3431,0.0,10.0,5.0,0,6,16,3,6,3,2,2,1
15.0279,32.6595,37.0,48.0,42.5,1,7,28,19,17,4,2,0,3
10.9031,-71.8717,0.0,9.0,4.5,1,4,1,9,8,4,0,0,2
29.26,48.1981,8.0,29.0,18.5,0,4,27,10,16,3,2,2,1
12.6735,79.8344,48.0,66.0,57.0,1,7,8,17,15,5,0,11,3
2.2247,101.7591,41.0,43.0,42.0,0,5,24,7,12,1,2,8,1
20.4417,86.841,16.0,18.0,17.0,1,4,7,20,2,7,2,7,3
32.352,20.5257,45.0,62.0,53.5,1,7,21,8,5,5,2,0,3
32.7031,51.6503,33.0,34.0,33.5,0,5,30,20,7,7,2,10,2
19.9831,86.8362,4.0,33.0,18.5,1,5,5,17,10,3,0,5,2
32.2549,34.7202,35.0,57.0,46.0,1,6,9,13,9,8,2,5,3
40.3252,49.8115,40.0,55.0,47.5,1,5,18,1,2,4,0,9,3
22.6465,70.1852,33.0,45.0,39.0,0,6,7,14,8,5,2,8,1
44.9998,37.696,22.0,40.0,31.0,0,5,20,2,17,5,0,1,1
48.1483,35.3434,27.0,44.0,35.5,1,6,5,18,5,6,0,6,2
47.7361,34.7785,7.0,24.0,15.5,1,4,7,2,6,5,0,9,2
40.2214,49.3999,48.0,53.0,50.5,1,5,21,4,11,8,2,5,3
13.2939,74.5571,16.0,36.0,26.0,0,7,2,0,13,0,2,10,1
50.3215,30.8562,41.0,46.0,43.5,0,7,7,8,14,7,0,1,2
9.0164,112.0911,1.0,9.0,5.0,1,5,28,5,8,5,1,6,1
19.2356,73.1429,47.0,66.0,56.5,1,7,18,11,3,3,2,11,3
22.7059,70.2328,35.0,42.0,38.5,0,4,30,20,4,5,0,1,1
6.2719,3.2165,48.0,50.0,49.0,1,5,10,17,5,1,0,4,3
4.3741,7.3221,39.0,51.0,45.0,1,6,7,13,13,8,2,7,3
26.1216,56.2786,26.0,40.0,33.0,1,4,21,9,13,3,0,6,2
18.1642,82.9734,9.0,29.0,19.0,1,6,11,16,15,7,1,5,3
10.3586,-71.5027,3.0,27.0,15.0,0,6,12,9,12,8,0,10,0
44.987,37.4793,4.0,11.0,7.5,1,7,27,16,7,5,1,5,2
2.3323,101.9014,16.0,37.0,26.5,1,5,17,2,1,3,2,7,2
32.3971,35.1061,3.0,8.0,5.5,1,7,2,6,15,3,0,0,2
25.0122,48.9363,45.0,56.0,50.5,1,7,12,11,4,4,0,0,3
8.6032,-63.4883,45.0,71.0,58.0,1,4,10,18,7,7,0,7,3
14.8687,43.319,25.0,41.0,33.0,1,5,12,18,11,2,1,6,2
32.9457,35.1049,16.0,35.0,25.5,0,7,24,15,10,7,0,1,1
33.5404,43.8748,35.0,50.0,42.5,1,7,14,0,9,6,0,6,2
17.3485,83.1213,13.0,29.0,21.0,1,5,17,5,17,7,2,7,3
33.2547,52.1323,8.0,22.0,15.0,1,7,5,1,3,6,0,7,3
10.8631,44.6053,20.0,33.0,26.5,1,4,12,4,14,8,2,6,2
17.422,83.3021,0.0,28.0,14.0,1,6,6,12,2,8,0,6,2
20.1083,36.7409,47.0,55.0,51.0,0,4,23,15,10,1,0,1,1
26.8535,55.7952,2.0,18.0,10.0,1,8,3,18,13,3,2,9,2
24.46,54.1091,19.0,27.0,23.0,1,6,16,6,0,8,1,5,3
32.6846,13.5543,1.0,17.0,9.0,1,6,18,4,5,4,0,9,2
56.5942,22.1581,9.0,10.0,9.5,1,7,18,4,2,0,1,7,2
17.3303,83.2361,43.0,56.0,49.5,1,5,25,9,3,8,0,9,3
17.335,82.8344,33.0,38.0,35.5,0,7,14,18,2,5,2,1,1
13.4058,74.5451,13.0,41.0,27.0,1,7,26,10,3,4,2,6,2
26.3859,50.6159,41.0,58.0,49.5,1,7,7,14,10,7,2,5,3
29.3099,51.0844,40.0,47.0,43.5,0,4,17,3,11,5,2,1,1
25.7563,49.7902,35.0,45.0,40.0,0,7,22,17,6,1,2,8,1
6.6119,3.8705,6.0,15.0,10.5,0,4,7,11,12,2,0,10,0
8.7261,-63.1459,14.0,33.0,23.5,1,4,2,9,9,8,0,5,2
35.2067,51.3378,45.0,46.0,45.5,1,5,27,9,3,4,0,0,3
15.6187,44.1327,30.0,51.0,40.5,1,7,16,13,13,0,0,5,3
9.5188,76.7454,41.0,68.0,54.5,1,7,15,2,9,4,0,4,3
29.2826,50.7215,40.0,45.0,42.5,0,5,9,16,0,6,2,10,1
40.9411,44.3179,33.0,41.0,37.0,1,7,19,0,2,4,0,7,3
34.1383,51.4667,17.0,33.0,25.0,1,4,5,17,5,3,2,0,3
33.3548,44.0911,2.0,9.0,5.5,1,6,30,7,14,1,2,7,2
14.9343,42.8341,36.0,63.0,49.5,0,7,6,1,16,8,1,2,2
19.849,37.2436,43.0,48.0,45.5,1,4,21,18,1,6,1,9,3
22.4931,73.2359,49.0,51.0,50.0,0,7,8,19,7,3,0,1,1
15.8577,44.1703,44.0,62.0,53.0,1,6,24,2,7,6,0,4,3
4.4374,6.9233,35.0,42.0,38.5,1,6,16,5,5,7,0,6,3
5.2637,7.4997,47.0,74.0,60.5,0,8,2,7,6,5,1,8,1
10.5739,-71.7551,47.0,70.0,58.5,1,6,7,17,2,4,0,3,3
13.2601,80.4901,6.0,13.0,9.5,0,5,8,15,9,6,1,8,1
33.1546,35.1357,12.0,39.0,25.5,0,4,6,9,0,5,0,10,1
12.9293,74.7602,24.0,40.0,32.0,0,4,6,6,16,3,0,1,1
18.8946,71.9187,22.0,43.0,32.5,1,4,19,19,10,1,1,5,3
12.6028,80.3409,44.0,58.0,51.0,1,5,12,6,11,6,0,4,3
8.0242,77.4673,29.0,56.0,42.5,1,7,3,11,12,2,0,11,2
22.4397,72.825,11.0,35.0,23.0,0,5,20,11,3,5,2,10,1
8.3718,77.3083,28.0,31.0,29.5,1,5,16,14,11,1,1,9,3
50.6555,30.224,43.0,54.0,48.5,0,5,23,9,4,4,0,1,2
24.6568,54.5156,42.0,45.0,43.5,0,7,6,1,3,2,0,8,1
55.49,37.4724,48.0,49.0,48.5,0,8,3,20,9,1,1,10,1
30.4904,31.9337,7.0,0.0,3.5,0,4,14,8,16,1,0,10,0
22.119,70.4107,40.0,56.0,48.0,1,5,31,11,4,7,0,0,3
20.5144,86.2714,24.0,0.0,12.0,1,7,9,18,12,5,0,5,3
28.7274,50.5263,37.0,55.0,46.0,0,4,26,20,9,3,2,8,1
50.0003,35.7654,5.0,17.0,11.0,1,6,12,18,6,6,1,3,2
17.2398,82.8149,21.0,41.0,31.0,1,7,10,7,5,2,2,7,2
33.3436,13.1074,2.0,26.0,14.0,1,4,26,8,11,2,2,11,1
15.5614,32.0622,22.0,48.0,35.0,0,4,22,19,4,6,1,10,1
10.0391,75.9325,38.0,49.0,43.5,1,4,4,9,13,0,2,3,3
57.3514,21.8448,3.0,19.0,11.0,1,6,17,0,1,1,2,11,1
6.9865,3.0183,0.0,17.0,8.5,1,4,30,3,0,6,2,0,2
30.7308,18.4492,31.0,55.0,43.0,1,5,26,17,17,1,2,4,3
15.5014,43.6977,46.0,59.0,52.5,0,6,7,20,10,2,2,8,1
18.926,71.137,32.0,49.0,40.5,1,5,13,16,2,4,2,11,3
2.0896,101.781,0.0,36.0,18.0,1,6,2,16,10,7,2,5,3
26.3461,50.1168,12.0,27.0,19.5,0,4,9,12,13,3,1,10,1
47.9839,35.6345,8.0,19.0,13.5,1,4,13,17,0,7,0,0,3
40.8196,50.2093,8.0,37.0,22.5,0,4,25,19,11,6,2,1,1
9.8982,76.4079,24.0,51.0,37.5,0,4,7,16,17,8,0,10,1
6.6945,3.8612,19.0,40.0,29.5,1,6,2,16,12,4,1,9,3
33.3569,51.6724,16.0,23.0,19.5,1,7,11,11,0,6,2,4,3
15.8285,43.9299,32.0,53.0,42.5,1,4,1,17,5,0,2,4,3
10.012,76.6094,45.0,70.0,57.5,1,4,24,15,7,4,0,11,3
20.1935,86.5612,0.0,44.0,22.0,1,7,7,14,2,3,2,5,3
40.5999,49.8231,13.0,40.0,26.5,1,4,19,4,15,2,0,5,2
8.0794,76.7045,9.0,21.0,15.0,1,5,21,2,0,4,2,9,3
31.5479,35.4007,32.0,0.0,16.0,1,4,26,11,14,0,1,0,3
29.2735,50.2689,37.0,57.0,47.0,1,4,19,18,3,1,0,9,3
10.7397,-71.2809,49.0,73.0,61.0,0,6,12,5,13,5,1,1,1
30.9375,34.9499,34.0,51.0,42.5,1,7,19,3,5,6,2,5,3
18.0923,82.9332,18.0,25.0,21.5,1,6,8,14,1,8,2,7,3
29.0117,50.7541,0.0,25.0,12.5,1,5,18,7,0,8,0,5,2
11.9227,113.833,22.0,0.0,11.0,0,6,10,2,11,1,2,1,1
4.8411,7.536,43.0,66.0,54.5,1,6,20,19,1,1,2,5,3
10.7545,-71.6739,4.0,23.0,13.5,0,4,17,11,8,4,0,8,1
15.079,43.2756,4.0,24.0,14.0,0,6,23,18,17,1,0,8,0
29.5392,50.2211,41.0,58.0,49.5,0,7,16,4,5,2,2,8,1
10.8309,44.8526,13.0,34.0,23.5,0,5,22,12,8,1,2,1,0
31.9366,20.2027,22.0,41.0,31.5,1,5,29,16,13,8,0,4,3
29.3488,47.7269,42.0,68.0,55.0,0,6,6,8,1,5,0,2,2
11.1805,44.8019,5.0,14.0,9.5,1,5,11,6,17,7,1,6,2
48.083,35.3695,18.0,32.0,25.0,1,4,4,15,11,3,2,5,3
4.5695,6.934,39.0,63.0,51.0,1,4,9,20,17,2,2,3,3
26.7349,56.4072,9.0,25.0,17.0,1,5,24,19,14,2,1,5,2
19.9737,86.8256,38.0,47.0,42.5,1,5,9,3,5,4,2,5,3
10.0791,76.2711,43.0,52.0,47.5,0,5,29,7,6,3,2,2,2
10.6079,-71.5689,18.0,21.0,19.5,0,4,29,19,2,1,2,2,1
24.9963,46.7167,2.0,21.0,11.5,1,6,18,8,2,2,1,3,2
29.4476,50.4439,9.0,15.0,12.0,1,7,6,14,5,0,2,9,2
2.1846,101.9771,20.0,38.0,29.0,1,6,3,4,10,0,2,6,2
20.003,86.1297,9.0,20.0,14.5,1,4,3,0,15,7,2,3,3
14.5615,43.164,2.0,20.0,11.0,0,4,15,3,2,4,1,1,1
17.7441,83.1312,29.0,51.0,40.0,0,4,6,5,1,8,0,10,1
4.7482,6.3716,43.0,68.0,55.5,1,4,5,7,1,2,0,0,3
9.2472,72.8103,44.0,44.0,44.0,0,7,8,18,2,2,0,8,1
22.3242,70.1319,46.0,58.0,52.0,0,6,20,11,3,2,1,2,1
8.4026,111.4623,30.0,34.0,32.0,0,4,30,13,11,5,1,1,1
9.1015,111.433,2.0,23.0,12.5,1,5,14,7,13,8,2,5,2
5.1541,6.2494,13.0,16.0,14.5,0,6,19,19,14,0,2,2,1
33.6474,52.2459,26.0,27.0,26.5,0,4,21,11,9,7,2,2,2
6.4327,3.4357,6.0,30.0,18.0,1,7,27,12,14,1,0,3,2
48.032,34.9515,31.0,32.0,31.5,1,4,20,7,7,1,2,4,3
5.2507,6.1561,25.0,43.0,34.0,0,7,18,15,12,7,0,8,1
15.2271,32.77,40.0,65.0,52.5,1,7,30,5,17,7,2,3,3
30.4304,31.9939,30.0,49.0,39.5,0,4,12,4,15,3,2,1,1
32.5541,13.0003,21.0,34.0,27.5,1,7,5,7,0,0,2,7,2
11.5469,114.4168,39.0,49.0,44.0,1,4,27,7,12,3,0,11,3
31.4897,48.8122,0.0,9.0,4.5,1,6,5,18,6,0,0,0,2
32.9173,44.6187,43.0,59.0,51.0,1,6,23,17,3,4,0,9,3
13.3693,80.3058,25.0,30.0,27.5,0,6,6,4,4,0,2,1,1
31.2019,48.3021,7.0,22.0,14.5,1,5,6,3,3,2,0,0,2
31.6147,34.4813,0.0,7.0,3.5,1,7,23,4,5,2,2,5,2
28.8766,50.04,11.0,19.0,15.0,0,4,26,3,10,2,2,1,0
8.4621,77.2257,44.0,57.0,50.5,1,4,19,0,2,6,2,11,3
40.0938,50.2551,48.0,63.0,55.5,0,4,6,13,17,6,2,10,1
26.767,55.8106,17.0,25.0,21.0,1,7,9,17,15,7,1,3,3
32.7479,51.545,24.0,48.0,36.0,1,5,16,9,4,6,2,5,3
17.2263,83.5201,11.0,12.0,11.5,1,7,11,16,11,8,2,11,2
29.6637,48.1483,21.0,38.0,29.5,1,4,4,19,15,0,0,7,3
12.2458,114.1716,35.0,47.0,41.0,0,5,8,9,17,7,1,1,2
24.9866,48.828,9.0,14.0,11.5,1,5,17,10,6,1,1,3,2
31.868,19.9987,47.0,54.0,50.5,0,6,20,20,9,0,0,1,1
4.6957,6.9057,9.0,16.0,12.5,0,6,1,0,3,7,1,1,1
30.874,32.4993,32.0,33.0,32.5,0,8,3,5,6,8,2,1,1
57.4747,21.8543,21.0,43.0,32.0,0,5,11,19,0,8,0,1,1
30.6106,32.1412,2.0,2.0,2.0,0,7,24,13,14,0,0,8,0
25.0147,55.273,46.0,0.0,23.0,0,4,7,5,2,3,0,8,1
18.7276,73.1255,47.0,59.0,53.0,1,7,1,15,3,4,2,6,3
32.4263,34.5778,19.0,26.0,22.5,0,4,13,4,9,8,2,1,1
9.348,72.8267,7.0,34.0,20.5,1,7,3,0,5,4,2,7,3
55.777,37.3087,33.0,48.0,40.5,0,6,1,11,3,0,1,8,1
8.2184,-63.911,5.0,31.0,18.0,1,7,30,18,5,6,1,11,2
30.8942,48.473,17.0,45.0,31.0,1,4,18,12,0,6,2,7,3
8.8992,111.6003,30.0,44.0,37.0,1,5,12,20,7,2,0,7,2
10.5222,-72.1124,19.0,27.0,23.0,1,6,14,5,6,8,2,9,3
10.9499,-71.415,49.0,50.0,49.5,1,6,7,16,0,3,2,9,3
12.5561,80.4657,9.0,29.0,19.0,1,7,9,16,14,0,2,7,2
12.7659,80.5448,13.0,29.0,21.0,1,6,21,15,8,5,0,4,3
30.6377,32.4524,16.0,18.0,17.0,1,7,18,16,15,7,0,9,3
5.4552,5.5577,41.0,45.0,43.0,1,4,17,5,3,7,0,11,3
13.14,80.1959,0.0,33.0,16.5,0,5,24,19,5,8,2,10,1
45.0395,37.4729,15.0,17.0,16.0,1,6,4,1,12,8,2,3,2
25.3624,55.285,32.0,49.0,40.5,1,7,2,3,11,5,2,9,3
5.0242,7.4559,9.0,28.0,18.5,0,5,5,16,8,6,0,10,1
19.5203,72.7195,6.0,11.0,8.5,1,5,7,1,8,6,0,11,2
14.5233,43.094,33.0,0.0,16.5,0,7,10,3,17,3,2,8,1
13.4924,80.3798,10.0,27.0,18.5,1,6,29,10,16,2,0,11,2
33.2912,52.2832,16.0,44.0,30.0,1,5,6,5,6,0,2,6,2
22.283,70.49,34.0,61.0,47.5,1,7,20,18,12,7,1,6,3
25.0243,48.4023,31.0,33.0,32.0,0,4,22,9,5,6,2,10,1
4.8432,7.0823,47.0,61.0,54.0,1,4,8,10,11,2,2,4,3
40.6009,50.0995,34.0,51.0,42.5,1,6,18,0,4,7,2,5,3
30.2025,47.7094,16.0,22.0,19.0,1,7,2,12,0,5,2,3,3
30.3961,32.5016,19.0,32.0,25.5,1,7,3,1,12,7,2,7,3
19.0611,71.0442,1.0,22.0,11.5,1,4,22,1,17,5,2,4,2
8.1202,-63.0083,9.0,18.0,13.5,1,7,30,8,11,8,1,0,2
18.9755,71.7611,48.0,55.0,51.5,0,5,11,1,17,3,0,10,1
25.0685,55.0236,39.0,55.0,47.0,1,7,21,0,14,3,0,4,3
13.2393,75.1424,18.0,26.0,22.0,0,6,16,5,3,4,1,10,1
40.0431,50.1207,4.0,19.0,11.5,1,6,20,7,10,4,0,7,2
33.3278,52.2594,0.0,44.0,22.0,0,4,2,12,5,0,0,2,1
24.5317,46.94,20.0,29.0,24.5,0,5,28,5,16,5,1,10,1
11.3448,45.119,34.0,39.0,36.5,0,7,12,2,8,4,1,1,2
10.2781,75.9233,27.0,33.0,30.0,1,7,16,10,9,5,2,5,3
55.7741,37.5197,49.0,49.0,49.0,1,4,28,14,16,5,0,4,3
50.6361,31.0229,18.0,18.0,18.0,1,5,25,14,17,4,0,7,3
31.24,48.716,4.0,13.0,8.5,1,4,13,8,13,2,2,3,2
22.4206,69.8409,12.0,23.0,17.5,1,6,24,15,15,0,2,9,3
44.85,37.916,43.0,51.0,47.0,0,7,31,13,12,5,2,2,2
30.3047,31.8647,48.0,71.0,59.5,1,4,12,19,16,6,0,3,3
4.6573,5.976,29.0,43.0,36.0,1,5,1,8,4,2,2,3,2
26.2405,55.9619,33.0,37.0,35.0,1,6,19,14,6,1,1,7,3
8.0225,77.4413,40.0,48.0,44.0,1,6,3,10,0,1,2,9,3
17.7997,83.4168,46.0,64.0,55.0,0,5,14,18,13,0,2,1,1
29.4729,47.5279,13.0,28.0,20.5,1,6,7,6,2,0,0,0,2
2.9364,101.5216,17.0,29.0,23.0,1,6,17,1,10,2,0,9,2
6.0335,2.9645,0.0,26.0,13.0,1,5,4,6,5,3,2,9,2
33.1968,43.9076,13.0,28.0,20.5,1,7,28,19,17,3,1,9,2
10.4464,-71.2488,16.0,0.0,8.0,1,7,13,12,2,4,0,6,2
2.7355,101.504,8.0,11.0,9.5,0,7,7,18,5,7,0,2,1
24.9277,49.3029,12.0,13.0,12.5,1,4,18,19,5,0,1,3,2
7.6284,77.1669,1.0,17.0,9.0,1,5,4,10,3,3,0,11,2
5.2838,6.1084,0.0,26.0,13.0,1,6,25,20,7,8,1,9,2
15.4664,32.7813,28.0,52.0,40.0,1,4,5,12,9,0,2,0,3
24.4661,46.543,48.0,65.0,56.5,1,5,6,12,7,6,2,3,3
32.5301,20.4499,0.0,63.0,31.5,1,8,2,4,13,1,2,3,3
2.2717,101.2422,10.0,31.0,20.5,1,4,24,10,11,0,0,5,2
56.7346,21.6299,4.0,12.0,8.0,0,5,26,17,14,5,0,1,0
28.7145,50.9665,8.0,15.0,11.5,0,5,31,17,13,3,2,1,1
17.2909,83.1091,7.0,18.0,12.5,1,7,6,17,13,6,2,4,3
56.6648,21.6169,17.0,18.0,17.5,1,8,2,10,5,0,0,0,3
4.5527,5.6009,38.0,47.0,42.5,1,4,24,5,11,4,2,5,3
30.3506,32.1106,29.0,33.0,31.0,0,6,18,12,11,3,2,8,1
30.3544,47.9497,46.0,66.0,56.0,1,7,13,5,0,8,2,9,3
50.4704,30.8844,38.0,58.0,48.0,0,7,7,18,9,5,2,10,1
33.2956,52.1239,17.0,36.0,26.5,0,4,24,11,17,5,0,2,1
31.2811,34.9245,41.0,69.0,55.0,1,6,1,10,15,8,2,6,2
49.76,35.9076,4.0,24.0,14.0,0,4,15,12,1,8,0,8,0
33.2513,34.6482,39.0,50.0,44.5,1,4,27,10,14,6,0,3,3
29.3062,48.0093,35.0,49.0,42.0,1,6,18,19,12,3,2,3,3
32.0617,20.5242,2.0,17.0,9.5,1,5,8,1,7,4,0,0,2
8.7969,72.559,17.0,18.0,17.5,0,5,29,7,15,7,0,10,1
18.1441,83.5243,2.0,30.0,16.0,1,6,15,1,3,4,2,3,3
55.8542,38.0088,3.0,32.0,17.5,1,4,1,8,10,2,1,7,1
33.6228,51.7071,35.0,52.0,43.5,0,6,14,1,12,8,2,8,1
40.8578,43.9067,44.0,73.0,58.5,0,5,13,6,6,7,1,10,2
19.756,36.9295,6.0,10.0,8.0,1,6,6,17,9,8,2,7,2
25.6724,49.3111,30.0,54.0,42.0,1,6,13,14,4,2,2,7,3
15.1953,44.3811,22.0,31.0,26.5,1,5,11,0,14,3,2,6,2
20.0476,37.17,44.0,61.0,52.5,1,7,9,15,2,7,2,3,3
17.5279,82.939,49.0,70.0,59.5,0,6,7,1,3,8,2,1,1
30.8525,48.338,23.0,41.0,32.0,0,4,12,15,4,1,2,1,1
15.003,32.5823,8.0,0.0,4.0,1,4,18,20,15,1,0,9,2
2.4838,101.5991,14.0,22.0,18.0,0,4,17,5,13,8,2,10,1
30.8856,47.7444,2.0,11.0,6.5,1,7,2,1,5,3,0,3,2
25.4605,49.2465,21.0,36.0,28.5,1,7,31,0,2,1,2,7,3
18.1654,82.8906,6.0,11.0,8.5,1,5,26,7,8,4,2,3,3
50.8804,30.555,40.0,49.0,44.5,0,6,23,2,16,4,2,10,2
6.4489,3.069,48.0,53.0,50.5,1,6,3,9,13,1,0,9,3
4.9975,5.7469,20.0,31.0,25.5,1,4,14,12,6,6,2,5,3
55.6686,37.6302,0.0,22.0,11.0,1,4,18,15,7,6,2,0,2
32.8164,35.4801,11.0,22.0,16.5,0,4,21,5,11,6,2,10,1
8.423,77.454,11.0,24.0,17.5,1,4,5,17,14,0,2,4,3
24.8206,55.239,33.0,53.0,43.0,0,5,3,9,14,1,2,10,1
24.7791,48.6127,42.0,65.0,53.5,1,7,20,11,2,0,1,5,3
24.3364,46.7069,10.0,10.0,10.0,1,4,3,2,11,6,2,0,2
12.24,113.9138,39.0,50.0,44.5,1,7,8,9,0,2,0,5,3
26.2598,56.4871,42.0,52.0,47.0,1,5,3,6,12,7,0,5,3
19.9995,86.3419,9.0,37.0,23.0,0,5,4,1,16,0,0,2,1
5.4036,6.3351,0.0,0.0,0.0,0,7,27,0,14,1,0,10,0
12.3712,43.5392,0.0,20.0,10.0,0,4,1,3,9,1,0,1,0
26.6848,56.6317,25.0,48.0,36.5,1,6,19,19,7,0,1,7,3
9.0147,112.2773,32.0,36.0,34.0,1,6,22,7,6,5,0,0,3
6.8587,3.3749,41.0,58.0,49.5,1,6,21,8,17,5,0,11,3
55.5862,37.1223,5.0,19.0,12.0,1,7,31,1,12,5,0,6,1
2.8268,101.0519,22.0,49.0,35.5,1,5,27,20,12,7,0,6,2
28.8337,50.7802,35.0,44.0,39.5,1,5,17,12,6,5,1,9,3
22.7599,70.3419,2.0,25.0,13.5,1,8,1,11,4,5,0,4,2
30.8286,32.2917,38.0,47.0,42.5,1,4,26,11,11,8,1,7,3
25.972,49.8735,23.0,29.0,26.0,0,7,3,3,5,3,0,2,1
55.4413,38.0237,7.0,23.0,15.0,1,5,10,8,4,8,0,3,2
32.4886,35.1671,25.0,35.0,30.0,1,6,2,16,15,8,1,11,3
19.4019,36.8646,32.0,44.0,38.0,1,5,19,7,13,1,1,3,3
30.7867,34.6675,47.0,61.0,54.0,1,6,29,11,7,7,0,11,3
20.4682,86.79,28.0,43.0,35.5,1,5,11,3,8,3,0,3,3
2.6621,101.4754,41.0,43.0,42.0,1,5,1,17,17,3,2,7,3
27.1255,49.9878,3.0,12.0,7.5,1,4,6,9,4,0,2,7,2
29.4638,47.7674,10.0,15.0,12.5,0,5,22,3,0,7,1,2,1
7.9145,76.7967,29.0,36.0,32.5,0,4,4,4,16,2,2,1,1
13.0749,43.3631,36.0,63.0,49.5,1,6,25,20,16,8,2,3,3
41.1026,43.5133,14.0,31.0,22.5,1,6,17,8,7,7,0,9,3
10.1257,76.7075,47.0,61.0,54.0,1,8,2,19,5,2,2,5,3
31.9401,34.9884,24.0,24.0,24.0,1,6,25,10,16,1,0,11,3
30.8434,32.2269,17.0,38.0,27.5,1,7,1,2,17,0,0,7,3
40.8516,50.0963,28.0,31.0,29.5,1,6,25,12,14,4,0,9,3
10.712,45.2865,19.0,37.0,28.0,0,6,14,13,10,6,0,8,1
26.4795,56.3473,22.0,34.0,28.0,1,7,28,4,5,3,2,3,3
22.5032,70.4817,43.0,57.0,50.0,0,6,14,20,8,0,2,2,2
8.9921,-63.0437,31.0,40.0,35.5,1,5,19,18,10,0,1,11,3
41.0208,43.847,13.0,39.0,26.0,1,6,28,7,15,5,0,11,2
30.2796,47.8273,48.0,57.0,52.5,0,6,9,3,7,2,2,1,1
18.6029,71.5695,42.0,52.0,47.0,0,7,6,9,1,3,2,2,2
31.9164,19.8793,21.0,29.0,25.0,0,4,25,12,11,0,0,1,1
35.2246,51.3114,10.0,0.0,5.0,1,4,29,4,12,4,0,9,3
13.4678,80.3532,0.0,5.0,2.5,0,7,21,16,0,2,2,8,0
40.5972,50.1151,42.0,62.0,52.0,1,7,3,16,11,8,0,5,3
27.0024,49.7084,20.0,38.0,29.0,1,5,5,5,11,0,2,4,3
19.7051,37.434,36.0,44.0,40.0,1,4,5,8,10,3,1,5,3
27.0594,50.3693,5.0,7.0,6.0,0,7,10,15,10,4,2,2,1
40.5755,43.9666,9.0,20.0,14.5,1,4,8,8,16,7,2,3,3
33.6132,52.3686,29.0,43.0,36.0,0,6,25,9,8,6,2,2,1
26.4444,56.28,31.0,45.0,38.0,0,4,7,19,2,7,0,8,2
32.6539,51.941,15.0,16.0,15.5,1,6,21,10,14,4,2,5,3
32.9624,13.1346,26.0,49.0,37.5,0,6,15,20,0,5,2,2,1
26.0316,49.9213,14.0,16.0,15.0,0,4,18,13,11,4,2,2,1
40.8854,44.3492,43.0,43.0,43.0,0,7,4,12,8,0,2,8,1
22.5643,69.9089,30.0,32.0,31.0,1,6,17,9,1,5,2,6,2
8.2608,112.0254,14.0,22.0,18.0,0,6,28,20,11,4,0,1,1
26.1438,56.4456,49.0,58.0,53.5,1,7,26,7,5,6,0,11,3
17.8329,82.8213,4.0,24.0,14.0,1,4,11,1,0,4,2,4,3
12.1761,114.2623,2.0,29.0,15.5,0,5,5,15,8,5,2,2,1
30.8151,18.1668,21.0,30.0,25.5,0,7,3,6,14,3,1,8,1
17.6358,83.6563,16.0,30.0,23.0,1,6,7,13,5,7,2,9,3
26.198,56.4256,6.0,33.0,19.5,1,5,7,4,3,3,1,3,2
8.609,112.1699,29.0,46.0,37.5,0,4,6,16,5,7,0,1,1
35.1904,51.2723,23.0,26.0,24.5,1,6,11,10,5,8,2,3,3
13.3366,80.609,23.0,42.0,32.5,1,4,7,3,8,2,0,4,3
12.2931,43.1538,35.0,36.0,35.5,1,7,23,19,2,0,2,9,3
10.3003,-67.151,46.0,61.0,53.5,1,7,22,12,15,3,2,3,3
12.6177,74.9914,15.0,0.0,7.5,1,5,17,20,6,7,0,0,3
32.3766,34.8688,8.0,24.0,16.0,1,6,26,6,8,3,0,11,3
20.767,86.3042,25.0,54.0,39.5,0,7,8,18,12,7,2,1,1
6.7953,3.828,2.0,11.0,6.5,0,5,5,1,0,3,0,10,0
11.9433,113.6817,39.0,47.0,43.0,1,6,24,16,15,1,0,0,3
48.297,35.231,17.0,22.0,19.5,0,4,19,9,10,7,2,1,1
27.117,56.0306,37.0,0.0,18.5,1,7,2,8,11,8,0,4,3
47.8197,35.2241,38.0,54.0,46.0,1,7,10,18,13,5,0,9,3
9.9801,76.3116,48.0,60.0,54.0,1,6,28,17,14,3,2,9,3
30.8925,48.4106,43.0,72.0,57.5,0,7,30,10,0,4,2,8,2
56.8372,22.2394,14.0,32.0,23.0,1,6,8,11,4,3,1,4,2
15.1869,43.9071,25.0,26.0,25.5,1,6,16,13,15,8,0,0,3
32.8469,13.1832,25.0,38.0,31.5,0,4,18,12,2,1,0,8,1
11.0152,45.1307,20.0,33.0,26.5,0,6,4,3,6,8,2,2,1
31.717,19.5899,6.0,16.0,11.0,1,7,16,13,8,0,2,4,2
10.9117,-72.0484,22.0,51.0,36.5,1,4,6,1,2,4,0,6,2
8.6601,111.8348,37.0,54.0,45.5,1,7,5,11,11,7,1,0,3
10.6055,-71.9335,0.0,4.0,2.0,0,6,27,1,7,8,1,8,0
29.3672,49.9197,26.0,51.0,38.5,1,7,3,7,16,7,1,11,3
26.6657,56.3541,8.0,30.0,19.0,1,4,1,16,1,8,2,4,2
50.119,30.6,45.0,56.0,50.5,1,7,20,5,10,2,1,5,3
10.0035,-66.683,14.0,30.0,22.0,1,6,15,9,10,0,2,5,2
33.1912,13.5132,42.0,42.0,42.0,0,4,22,8,14,3,0,10,1
32.4542,51.7667,13.0,40.0,26.5,1,4,6,0,6,3,2,3,2
22.9059,70.5106,0.0,12.0,6.0,1,5,14,12,14,1,2,6,1
31.0435,48.7869,41.0,49.0,45.0,1,7,11,14,10,5,2,3,3
9.6881,76.7064,11.0,30.0,20.5,1,6,6,11,15,3,0,6,2
10.8011,-72.1099,0.0,29.0,14.5,1,4,20,12,14,6,0,0,2
32.5492,12.7293,39.0,0.0,19.5,0,4,17,16,0,3,1,10,1
10.232,76.5911,16.0,41.0,28.5,1,4,27,11,6,8,1,9,3
7.7797,77.0001,25.0,50.0,37.5,1,6,13,8,1,3,0,11,3
24.9679,46.6049,17.0,37.0,27.0,0,6,18,18,0,0,0,1,1
29.4289,47.9356,0.0,15.0,7.5,0,5,15,8,1,0,0,8,0
6.9069,3.0872,35.0,47.0,41.0,0,6,24,2,15,7,0,1,2
56.2425,37.3084,34.0,53.0,43.5,0,5,23,2,13,2,2,2,1
30.1769,48.1597,4.0,7.0,5.5,1,5,30,9,6,2,0,9,2
8.9032,112.0568,7.0,21.0,14.0,1,6,30,13,12,6,1,0,2
27.6652,56.2359,24.0,47.0,35.5,1,7,7,19,6,1,0,3,2
14.9222,44.424,31.0,55.0,43.0,0,7,6,8,2,5,1,1,1
29.3194,50.2782,0.0,22.0,11.0,0,7,30,3,6,5,2,1,1
30.1365,47.7554,45.0,63.0,54.0,0,7,13,17,2,5,2,8,1
12.9268,79.8957,23.0,42.0,32.5,1,4,7,4,15,5,1,0,3
8.6845,111.8689,4.0,26.0,15.0,1,4,8,2,9,6,0,0,2
26.4762,56.1222,32.0,60.0,46.0,0,6,10,10,2,4,1,10,2
2.3132,101.3375,5.0,28.0,16.5,1,7,21,1,12,3,0,11,2
10.323,-66.6268,25.0,32.0,28.5,0,7,1,12,4,3,1,10,1
50.854,30.6175,19.0,33.0,26.0,1,7,10,12,6,2,2,7,2
26.4093,49.2621,41.0,41.0,41.0,1,6,26,2,10,0,2,11,3
26.9167,50.04,35.0,38.0,36.5,1,6,5,17,0,4,2,0,3
32.8545,13.0926,25.0,32.0,28.5,1,4,25,18,7,0,2,3,3
7.5672,77.0323,26.0,50.0,38.0,1,4,14,4,16,2,2,3,3
30.0539,18.0493,31.0,38.0,34.5,1,6,30,19,16,6,2,5,3
10.8794,-71.6899,27.0,51.0,39.0,1,6,30,6,4,3,0,6,2
50.7418,30.122,49.0,73.0,61.0,0,7,15,3,4,0,0,1,1
19.0733,71.9901,0.0,33.0,16.5,1,5,17,6,14,6,1,3,3
30.5766,35.3351,9.0,21.0,15.0,1,7,3,20,0,8,2,0,2
27.4558,56.4316,41.0,0.0,20.5,1,6,8,6,11,7,0,9,3
14.7663,42.7871,6.0,27.0,16.5,1,5,6,1,15,7,2,5,3
33.2241,34.4925,0.0,47.0,23.5,0,5,2,18,2,7,2,8,2
32.4914,51.7779,4.0,19.0,11.5,1,7,23,1,0,1,2,11,2
19.1825,37.1652,45.0,52.0,48.5,1,7,31,17,16,0,0,11,3
22.2256,70.2558,23.0,48.0,35.5,1,6,5,4,4,0,1,7,3
47.3441,35.0808,42.0,42.0,42.0,0,4,18,3,7,7,0,1,2
31.0629,34.8809,14.0,29.0,21.5,0,7,17,13,0,3,0,10,1
17.6352,82.8571,29.0,58.0,43.5,1,8,3,17,6,1,0,4,3
17.6694,83.2734,4.0,0.0,2.0,1,6,15,8,5,6,2,7,2
12.5947,74.7871,0.0,23.0,11.5,1,6,30,11,16,0,1,0,2
26.168,49.9624,37.0,54.0,45.5,1,7,28,15,15,5,1,7,3
30.9651,18.1547,7.0,7.0,7.0,1,7,1,2,0,3,2,7,2
17.1958,83.0137,21.0,0.0,10.5,0,5,21,10,4,1,0,2,1
12.8988,80.4707,30.0,56.0,43.0,1,7,11,12,6,5,0,6,2
12.7459,43.172,17.0,21.0,19.0,1,5,21,5,13,3,2,5,3
32.3893,34.7853,46.0,57.0,51.5,1,5,21,18,5,5,2,0,3
33.0909,44.7507,34.0,63.0,48.5,1,7,11,19,12,1,2,9,3
29.4465,50.7023,48.0,53.0,50.5,1,7,17,14,0,6,2,7,3
22.0333,73.2984,26.0,46.0,36.0,1,7,16,6,4,2,2,5,3
22.0758,70.419,9.0,29.0,19.0,0,5,2,5,15,7,2,2,1
33.0872,51.745,39.0,41.0,40.0,1,4,23,11,4,6,0,9,3
32.5019,19.6957,39.0,50.0,44.5,0,5,13,13,4,3,2,1,1
20.3733,86.5304,1.0,24.0,12.5,0,6,5,4,4,2,1,10,0
24.6695,54.1435,34.0,54.0,44.0,1,4,25,15,8,7,0,4,3
13.2622,74.7419,1.0,22.0,11.5,1,4,11,16,6,7,0,9,3
15.2562,32.0757,30.0,45.0,37.5,1,7,18,1,10,7,0,5,3
25.187,48.5915,46.0,61.0,53.5,1,4,4,9,2,3,2,11,3
49.9751,36.1451,42.0,70.0,56.0,1,6,20,11,16,2,1,5,3
8.4142,76.5709,31.0,44.0,37.5,1,5,31,19,0,3,2,0,3
10.003,75.778,28.0,53.0,40.5,0,6,15,20,15,2,2,1,1
29.0428,50.8096,28.0,34.0,31.0,1,7,16,19,8,7,0,4,3
32.92,52.0781,41.0,50.0,45.5,1,4,8,11,10,4,2,5,3
13.2603,74.6315,3.0,24.0,13.5,0,5,18,14,5,3,0,8,0
20.2769,86.754,47.0,71.0,59.0,0,6,9,0,13,7,0,2,2
9.8357,75.773,38.0,38.0,38.0,0,4,22,14,2,7,2,1,2
33.5919,43.9437,29.0,54.0,41.5,1,6,16,2,13,4,1,11,3
24.6377,54.0474,7.0,25.0,16.0,1,7,15,1,8,8,0,5,2
31.3222,35.4646,17.0,31.0,24.0,1,5,3,11,8,2,0,9,2
19.1251,71.8982,32.0,43.0,37.5,1,7,15,14,17,1,2,4,3
20.1388,86.9684,43.0,55.0,49.0,0,7,6,10,5,3,2,1,1
49.7137,36.4475,17.0,32.0,24.5,1,8,1,9,14,7,2,0,3
33.0606,34.5997,7.0,20.0,13.5,1,7,8,5,5,7,1,4,3
20.2921,86.6016,37.0,38.0,37.5,1,7,11,9,15,8,2,11,3
10.7354,-66.8065,9.0,0.0,4.5,0,6,10,18,15,1,0,10,0
20.4132,86.2185,38.0,45.0,41.5,1,5,30,10,16,0,2,0,3
27.4229,55.9933,49.0,75.0,62.0,1,7,25,6,17,5,0,6,2
7.6033,77.318,25.0,47.0,36.0,0,5,24,2,6,7,0,2,2
18.6889,72.8534,21.0,22.0,21.5,1,7,24,8,13,2,0,9,3
8.1378,-63.6878,34.0,36.0,35.0,1,7,5,18,16,1,0,5,3
26.273,49.9768,48.0,62.0,55.0,1,5,24,13,6,4,2,7,3
41.1165,43.8908,29.0,55.0,42.0,0,6,28,18,3,7,0,8,1
36.1886,51.623,49.0,75.0,62.0,1,4,20,14,9,5,2,6,2
32.7871,13.2924,23.0,40.0,31.5,1,6,2,7,8,6,2,6,2
6.3367,2.9963,9.0,33.0,21.0,0,6,6,16,7,2,0,2,1
19.6742,37.1111,0.0,37.0,18.5,0,5,3,20,17,0,2,2,1
32.5529,51.6463,32.0,47.0,39.5,0,4,24,6,8,7,1,10,2
6.7393,3.1184,15.0,16.0,15.5,0,5,9,14,5,2,2,1,0
14.8377,43.3377,29.0,53.0,41.0,1,5,23,6,2,2,0,6,2
15.5779,32.2771,32.0,49.0,40.5,1,7,2,14,13,2,1,5,3
28.989,47.5994,4.0,9.0,6.5,1,5,27,3,0,5,1,11,2
27.5141,55.9468,36.0,55.0,45.5,1,5,27,15,17,0,1,0,3
10.2215,-71.4061,5.0,16.0,10.5,1,4,16,14,7,7,1,9,2
30.8196,35.4622,20.0,0.0,10.0,1,7,25,2,4,5,1,4,3
24.1244,54.4721,36.0,0.0,18.0,0,6,10,13,17,6,0,8,1
29.2561,50.777,27.0,30.0,28.5,1,7,13,8,12,5,1,0,3
15.0468,32.9989,47.0,72.0,59.5,0,7,30,2,14,7,2,2,2
25.0982,55.7132,43.0,68.0,55.5,1,7,13,17,5,1,0,7,3
11.3395,45.043,16.0,32.0,24.0,0,7,29,16,3,1,0,10,1
44.4038,37.8781,41.0,45.0,43.0,1,5,24,12,12,8,0,3,3
4.7155,5.5555,44.0,49.0,46.5,1,7,26,8,9,4,2,6,3
22.4548,72.9485,24.0,38.0,31.0,0,5,6,2,5,3,1,8,1
22.6914,73.1351,5.0,26.0,15.5,1,4,26,13,7,5,0,11,2
9.3245,72.4982,22.0,42.0,32.0,1,5,13,2,6,3,1,5,3
10.3007,-66.8703,4.0,28.0,16.0,1,6,30,1,6,0,0,5,2
32.5251,34.5506,33.0,45.0,39.0,0,5,26,3,4,6,0,2,2
30.8894,17.5155,29.0,29.0,29.0,1,6,24,5,4,0,1,6,2
26.5869,56.6047,23.0,42.0,32.5,1,7,20,6,15,6,0,5,3
32.2653,51.7579,18.0,46.0,32.0,0,7,23,18,5,4,1,2,2
9.4749,76.0255,48.0,73.0,60.5,0,6,28,9,13,4,0,1,2
31.8015,20.0747,24.0,50.0,37.0,1,4,13,6,2,4,0,11,3
29.5208,50.5961,35.0,64.0,49.5,0,6,11,13,10,7,0,10,2
30.6859,34.6538,49.0,66.0,57.5,1,4,27,15,7,1,1,11,3
33.6065,51.9255,12.0,20.0,16.0,1,6,13,13,3,7,1,3,3
28.9511,50.2645,29.0,36.0,32.5,0,6,21,3,11,7,1,2,2
10.4892,-67.1721,5.0,16.0,10.5,0,6,25,18,0,1,0,8,0
41.3647,44.4153,39.0,61.0,50.0,1,6,12,9,7,8,1,4,3
47.9668,34.6511,37.0,58.0,47.5,0,6,14,8,4,2,0,2,1
22.8364,69.7598,5.0,33.0,19.0,1,7,26,8,2,6,2,5,2
19.5419,37.1671,47.0,59.0,53.0,1,6,6,18,1,0,0,9,3
10.0495,-67.3592,3.0,16.0,9.5,0,4,3,1,17,7,2,8,1
14.794,43.4292,20.0,25.0,22.5,1,7,8,8,8,0,2,0,3
26.9285,56.6324,38.0,49.0,43.5,0,5,1,16,14,4,2,1,2
19.1788,71.3414,43.0,66.0,54.5,0,7,31,11,17,4,0,2,2
7.603,77.308,44.0,67.0,55.5,0,4,8,11,15,4,1,2,2
44.83,37.296,38.0,63.0,50.5,1,5,19,6,12,8,2,5,3
25.0134,46.6254,26.0,44.0,35.0,1,6,3,16,12,4,2,9,3
20.1304,86.3549,30.0,58.0,44.0,1,6,15,8,2,2,0,9,3
10.7814,44.616,25.0,32.0,28.5,1,4,30,20,14,4,2,11,3
31.6941,20.4644,20.0,45.0,32.5,0,5,5,4,3,1,0,1,1
14.758,43.3304,14.0,34.0,24.0,0,7,16,15,0,2,1,10,0
13.3635,80.4984,45.0,46.0,45.5,0,4,4,19,9,4,0,1,2
10.0588,76.392,28.0,51.0,39.5,1,5,18,0,16,2,0,7,2
22.0358,73.4774,32.0,57.0,44.5,0,5,3,15,8,0,0,1,1
17.5259,83.3002,32.0,43.0,37.5,0,4,11,15,13,5,0,1,1
25.4882,55.625,14.0,0.0,7.0,1,5,15,5,2,0,0,9,2
7.0098,3.1924,1.0,28.0,14.5,1,4,13,11,3,1,0,4,2
32.3251,35.486,0.0,19.0,9.5,1,7,25,11,4,0,1,3,3
33.2074,44.5541,27.0,30.0,28.5,1,5,4,18,16,7,0,9,3
32.8086,13.3109,26.0,46.0,36.0,1,7,28,6,6,3,1,6,2
11.8231,113.7205,23.0,48.0,35.5,0,5,25,13,3,1,0,2,1
44.7508,37.9104,26.0,53.0,39.5,0,5,7,19,8,2,1,1,1
24.4438,46.6244,11.0,36.0,23.5,0,6,6,12,2,7,2,8,1
17.9974,83.0823,42.0,70.0,56.0,1,4,19,2,10,2,0,5,3
32.5331,13.1499,36.0,0.0,18.0,1,5,12,14,2,0,0,5,3
10.1624,76.1862,21.0,22.0,21.5,1,7,13,17,13,0,2,7,3
22.9496,69.726,8.0,17.0,12.5,1,7,14,12,7,0,2,11,2
19.1302,37.1234,12.0,22.0,17.0,0,4,1,3,9,7,2,10,1
29.4973,50.5585,47.0,71.0,59.0,0,4,21,7,3,2,0,2,1
47.9209,35.1863,29.0,57.0,43.0,0,6,20,11,17,5,2,1,1
30.3967,17.5951,8.0,33.0,20.5,0,5,21,15,13,2,1,2,1
48.1641,35.059,40.0,68.0,54.0,1,6,13,19,4,5,0,5,3
8.9012,72.8901,38.0,63.0,50.5,1,6,8,3,16,4,2,3,3
47.7774,35.475,39.0,40.0,39.5,0,5,16,6,12,4,2,10,2
35.8015,51.6621,24.0,24.0,24.0,1,5,15,10,9,6,2,5,3
10.4035,76.7147,28.0,33.0,30.5,1,7,23,11,2,4,0,7,3
2.1413,101.5164,31.0,37.0,34.0,1,6,14,1,3,3,1,4,3
32.5411,34.7219,3.0,31.0,17.0,0,8,2,10,7,8,0,8,0
19.1901,72.5996,4.0,13.0,8.5,1,6,22,12,9,3,0,3,2
26.9673,56.3569,28.0,56.0,42.0,1,4,14,1,17,7,1,9,3
30.2114,47.3227,31.0,0.0,15.5,0,7,9,10,2,5,2,1,1
32.6984,51.8023,0.0,21.0,10.5,0,5,1,14,3,2,0,8,0
31.4626,34.6655,26.0,35.0,30.5,1,7,20,0,10,5,1,4,3
22.5366,70.0295,49.0,75.0,62.0,1,6,13,20,12,4,2,11,3
24.8641,54.9281,7.0,16.0,11.5,1,5,28,12,2,3,2,11,3
41.0724,44.4371,31.0,50.0,40.5,1,4,22,14,12,1,2,0,3
19.6605,36.8702,1.0,18.0,9.5,0,5,17,3,15,5,0,1,0
30.2693,18.2482,13.0,25.0,19.0,1,6,30,17,8,5,2,7,2
14.9033,44.4914,47.0,48.0,47.5,0,4,5,3,6,0,2,10,1
35.9601,51.8887,33.0,36.0,34.5,1,4,15,18,1,2,2,9,3
57.1957,22.4302,20.0,20.0,20.0,1,4,30,11,0,4,1,11,3
26.0281,49.8988,45.0,67.0,56.0,1,5,14,3,13,3,0,9,3
5.3405,5.5907,13.0,27.0,20.0,1,5,17,11,16,3,0,0,2
20.446,87.0331,23.0,39.0,31.0,1,6,21,19,13,6,0,11,3
33.0955,51.1989,4.0,19.0,11.5,1,5,27,4,0,4,2,5,2
6.8174,3.631,44.0,45.0,44.5,0,5,19,0,12,1,2,8,1
18.8441,73.3185,47.0,64.0,55.5,1,7,12,1,15,0,0,7,3
21.9002,73.2355,39.0,65.0,52.0,1,7,22,3,15,8,2,3,3
18.6451,72.7786,34.0,55.0,44.5,1,5,20,5,1,6,2,0,3
27.0275,55.8077,24.0,48.0,36.0,1,5,18,4,6,4,0,0,3
26.7188,56.7558,31.0,40.0,35.5,0,6,25,19,1,1,0,10,1
27.1957,56.6021,10.0,31.0,20.5,0,4,13,17,0,2,1,1,0
5.3793,6.2243,26.0,38.0,32.0,0,6,29,0,6,2,0,10,1
24.9502,54.773,32.0,38.0,35.0,1,4,28,5,4,6,0,5,3
10.032,76.5887,17.0,36.0,26.5,0,4,26,3,6,3,0,10,1
12.7348,74.8294,43.0,71.0,57.0,1,5,8,20,11,7,0,7,3
31.6318,34.6293,14.0,40.0,27.0,1,7,12,14,8,1,1,9,2
50.6009,30.4545,6.0,26.0,16.0,1,7,27,18,11,7,0,11,2
